Sh_x,Sh_y,Sh_z,El_x,El_y,El_z,Wr_x,Wr_y,Wr_z,WrVec_x,WrVec_y,WrVec_z
-81.72556333333334,572.0460243333333,272.353991,-144.237421,419.87762250000003,19.6176635,-96.09160800000001,200.28727199999997,34.664694,-54.835154,-18.358801999999997,-33.233514
-81.62957566666667,571.8757136666667,272.376645,-144.192321,419.835731,19.563782,-96.0220555,200.2009755,34.7499515,-54.79100899999999,-18.387923,-33.315417
-81.53488633333335,571.7073703333333,272.3988113333333,-144.1498945,419.802679,19.505027499999997,-95.95319649999999,200.127633,34.853849499999995,-54.745265,-18.422380000000004,-33.397794999999995
-81.44152466666667,571.5410656666667,272.420496,-144.1100515,419.778316,19.441574000000003,-95.8847435,200.06742,34.976861,-54.69789900000001,-18.462310000000002,-33.480472000000006
-81.34951799999999,571.3768716666667,272.44170733333334,-144.072699,419.76248599999997,19.373601,-95.8164105,200.0205155,35.1194605,-54.648887,-18.507846999999998,-33.563265
-81.258895,571.2148593333335,272.4624523333334,-144.037745,419.7550275,19.301292,-95.7479175,199.987103,35.282121000000004,-54.598209,-18.559122000000002,-33.645992
-81.16968200000001,571.0550996666667,272.4827403333333,-144.005098,419.75577350000003,19.2248365,-95.67898550000001,199.967371,35.4653165,-54.545845,-18.616263999999973,-33.728459
-81.08190566666667,570.897662,272.5025796666667,-143.974666,419.7645535,19.144429,-95.6093425,199.9615095,35.6695205,-54.491775000000004,-18.679396999999994,-33.810473
-80.995593,570.7426156666667,272.521982,-143.94635549999998,419.7811905,19.060267,-95.538719,199.9697155,35.895202,-54.43598399999999,-18.74864500000001,-33.891836
-80.91076866666667,570.5900296666666,272.540958,-143.9200755,419.80550300000004,18.972554000000002,-95.46685099999999,199.9921875,36.142829,-54.37845399999999,-18.82412499999998,-33.97234400000001
-80.82745666666666,570.4399713333333,272.5595183333333,-143.895734,419.8373065,18.881496,-95.3934785,200.02912750000002,36.4128645,-54.31917100000001,-18.905952999999982,-34.051793
-80.74568266666667,570.2925066666667,272.5776766666667,-143.873239,419.8764095,18.7873035,-95.31834749999999,200.080741,36.705768,-54.258121,-18.99424000000002,-34.129974000000004
-80.66546799999999,570.147702,272.5954453333333,-143.8525,419.922619,18.69019,-95.241208,200.14723750000002,37.021992499999996,-54.19529,-19.08909300000002,-34.206673
-80.58683633333334,570.005622,272.612838,-143.83342449999998,419.9757355,18.5903735,-95.16181800000001,200.22882800000002,37.361983,-54.130668,-19.19061400000001,-34.281678
-80.50980933333334,569.866329,272.6298693333333,-143.815923,420.03555800000004,18.488073,-95.0799375,200.3257255,37.7261795,-54.064245,-19.298901,-34.354772999999994
-80.43440766666667,569.7298863333334,272.64655400000004,-143.799905,420.10188,18.383512500000002,-94.99533600000001,200.43814600000002,38.1150115,-53.99601,-19.414048000000008,-34.42573899999999
-80.360652,569.5963543333332,272.6629076666666,-143.785282,420.174492,18.276916,-94.90778850000001,200.566308,38.5288995,-53.925957,-19.536142000000012,-34.494356999999994
-80.288561,569.4657933333333,272.678946,-143.7719635,420.25318200000004,18.168512,-94.817076,200.7104305,38.968254,-53.85408000000001,-19.665264999999977,-34.560406
-80.21815333333333,569.338261,272.6946853333333,-143.7598625,420.337734,18.05853,-94.7229865,200.870733,39.433471999999995,-53.780371,-19.80149399999999,-34.623664
-80.149447,569.2138140000001,272.7101433333333,-143.7488915,420.4279295,17.947201,-94.625315,201.0474375,39.92494,-53.70482799999999,-19.94490300000001,-34.683908
-80.08245799999999,569.092509,272.72533666666664,-143.738964,420.523547,17.834757,-94.5238645,201.240765,40.44303,-53.627447000000004,-20.095553999999993,-34.74091799999999
-80.017202,568.9743986666666,272.7402836666667,-143.729994,420.624363,17.7214335,-94.4184455,201.4509365,40.9880995,-53.548225,-20.253506999999985,-34.794471
-79.95369433333333,568.8595359999999,272.7550023333333,-143.721897,420.73015050000004,17.607463000000003,-94.308876,201.6781735,41.56049,-53.467164,-20.418815000000023,-34.84434399999999
-79.89194766666667,568.7479716666667,272.7695106666667,-143.71459,420.840683,17.4930815,-94.19498250000001,201.9226955,42.160528,-53.384260999999995,-20.591522999999995,-34.89031800000001
-79.83197633333333,568.6397553333333,272.783828,-143.70799,420.955729,17.3785255,-94.0766005,202.18472150000002,42.78852,-53.299521,-20.771670999999998,-34.932174
-79.773791,568.5349346666666,272.79797333333335,-143.7020165,421.07505749999996,17.264029999999998,-93.9535735,202.4644675,43.444756999999996,-53.212942999999996,-20.95929099999998,-34.969694
-79.71740266666667,568.4335553333334,272.8119656666667,-143.6965885,421.1984355,17.1498295,-93.82575349999999,202.76215,44.1295075,-53.124533,-21.154405999999994,-35.002663
-79.662821,568.335662,272.8258246666667,-143.6916285,421.325628,17.0361595,-93.693002,203.0779785,44.8430235,-53.034296,-21.357034999999996,-35.030867
-79.61005433333334,568.2412969999999,272.83956966666665,-143.6870585,421.456401,16.923254,-93.555192,203.4121635,45.5855325,-52.942238,-21.56718699999999,-35.054095000000004
-79.55911033333332,568.1505013333334,272.85322033333335,-143.682803,421.59051750000003,16.811346,-93.41220200000001,203.764909,46.357242,-52.84836399999999,-21.784864,-35.072142
-79.509996,568.063314,272.86679566666663,-143.6787885,421.727741,16.7006655,-93.2639245,204.1364155,47.158335,-52.752685,-22.010061000000007,-35.08480200000001
-79.46271566666667,567.9797736666666,272.880317,-143.674942,421.8678365,16.591444,-93.11025849999999,204.52688,47.988974,-52.655209,-22.242762,-35.091876000000006
-79.41727466666667,567.899914,272.8938026666667,-143.671193,422.01056600000004,16.483908,-92.9511155,204.93649299999998,48.8492935,-52.555947,-22.482946,-35.093166999999994
-79.37367466666667,567.8237703333334,272.90727266666664,-143.6674715,422.155694,16.378283,-92.786417,205.36543999999998,49.739405000000005,-52.45490799999999,-22.730583999999993,-35.088485999999996
-79.33191833333332,567.7513743333334,272.920746,-143.6637105,422.30298500000004,16.274792,-92.616094,205.8139,50.659394500000005,-52.352108,-22.985636,-35.077643
-79.29200666666667,567.6827566666667,272.93424166666665,-143.65984450000002,422.452203,16.1736555,-92.4400895,206.28204549999998,51.609320999999994,-52.247558999999995,-23.248054999999994,-35.06046
-79.253939,567.6179453333333,272.94778,-143.655811,422.6031155,16.0750895,-92.25835599999999,206.770041,52.5892155,-52.14127599999999,-23.517786,-35.036759
-79.21771366666667,567.5569676666668,272.961379,-143.6515465,422.755489,15.9793075,-92.0708585,207.27804550000002,53.599084000000005,-52.033275,-23.794765000000012,-35.006372000000006
-79.183328,567.4998483333334,272.975057,-143.646993,422.909094,15.886518500000001,-91.877571,207.8062085,54.638902,-51.92357200000001,-24.07892099999998,-34.969132
-79.15077866666667,567.4466106666666,272.9888323333334,-143.642092,423.06370000000004,15.796929500000001,-91.6784805,208.3546705,55.7086185,-51.812185,-24.370169000000004,-34.924882999999994
-79.12006,567.3972763333334,273.00272266666667,-143.63678850000002,423.21908099999996,15.7107405,-91.473584,208.923564,56.808151,-51.69913199999999,-24.668424000000016,-34.873474
-79.09116666666667,567.3518646666668,273.01674633333334,-143.6310295,423.3750125,15.628149,-91.262889,209.513011,57.937391000000005,-51.584434,-24.97358600000001,-34.81476200000001
-79.06409033333334,567.3103936666666,273.03091866666665,-143.6247645,423.5312725,15.549347000000001,-91.04641699999999,210.123124,59.096198,-51.468112000000005,-25.285548000000006,-34.748608
-79.03882266666666,567.2728800000001,273.0452573333333,-143.6179435,423.6876425,15.474521,-90.824197,210.754006,60.2844025,-51.35018600000001,-25.604196,-34.674884999999996
-79.01535533333333,567.239337,273.05977733333333,-143.6105215,423.8439065,15.4038525,-90.596272,211.40574750000002,61.5018055,-51.23068000000001,-25.929406999999998,-34.593469000000006
-78.99367600000001,567.2097786666667,273.0744946666667,-143.6024535,423.9998525,15.337517,-90.3626945,212.0784285,62.748176,-51.109617,-26.261049000000014,-34.50424999999999
-78.973774,567.1842146666667,273.0894236666666,-143.593698,424.15527199999997,15.2756855,-90.123529,212.77211849999998,64.0232555,-50.987021999999996,-26.598983000000004,-34.407119
-78.95563633333333,567.1626553333334,273.10457866666667,-143.5842165,424.3099605,15.2185215,-89.87885,213.4868735,65.326752,-50.86292,-26.943059000000005,-34.30198000000001
-78.939249,567.1451076666667,273.1199726666667,-143.573972,424.46371750000003,15.1661825,-89.628743,214.222737,66.658345,-50.737337999999994,-27.293126,-34.188746
-78.92459699999999,567.1315773333333,273.1356183333333,-143.5629295,424.6163485,15.1188195,-89.3733055,214.9797415,68.0176845,-50.61030299999999,-27.649016999999986,-34.06733499999999
-78.911664,567.1220693333333,273.1515283333333,-143.55105749999998,424.76766050000003,15.076577,-89.112644,215.757904,69.4043885,-50.481844,-28.010561999999993,-33.937675000000006
-78.90043333333334,567.116585,273.167713,-143.53832749999998,424.917469,15.039592500000001,-88.8468765,216.5572305,70.81804650000001,-50.351988999999996,-28.37758500000001,-33.799707
-78.89088666666667,567.1151263333333,273.1841826666667,-143.524712,425.06559200000004,15.0079955,-88.57612900000001,217.37771049999998,72.258217,-50.22076800000001,-28.749899,-33.65337600000001
-78.88300566666668,567.1176916666667,273.2009473333333,-143.5101865,425.211855,14.9819095,-88.3005405,218.219323,73.7244305,-50.088212999999996,-29.127312000000018,-33.498639
-78.87676966666668,567.1242793333333,273.21801566666664,-143.49473,425.35608749999994,14.96145,-88.0202575,219.0820305,75.21618699999999,-49.95435499999999,-29.509627000000023,-33.33546
-78.87215866666666,567.1348846666666,273.2353953333333,-143.4783235,425.498127,14.946724,-87.7354355,219.965781,76.732959,-49.819227,-29.896636,-33.163813999999995
-78.86915066666667,567.1495033333333,273.25309266666665,-143.460949,425.6378135,14.937831,-87.446242,220.870508,78.27419,-49.682862,-30.288130000000024,-32.98368800000001
-78.86772333333333,567.1681263333334,273.2711146666666,-143.44259399999999,425.774997,14.934863499999999,-87.15285,221.7961305,79.8392965,-49.54529399999999,-30.683891000000017,-32.79507100000001
-78.86785300000001,567.1907456666667,273.289466,-143.4232465,425.9095315,14.9379045,-86.85544250000001,222.742553,81.427667,-49.406559,-31.083696000000003,-32.597970000000004
-78.86951633333332,567.2173513333332,273.3081506666667,-143.4028975,426.0412785,14.947029500000001,-86.554211,223.70966299999998,83.03866450000001,-49.266692,-31.487317999999988,-32.39239500000001
-78.872688,567.2479316666667,273.327172,-143.3815395,426.17010700000003,14.962305,-86.249354,224.6973345,84.67162400000001,-49.12573,-31.89452300000002,-32.17836799999999
-78.87734333333333,567.282472,273.3465323333333,-143.35917,426.29589050000004,14.9837895,-85.9410775,225.705425,86.32585800000001,-48.98371100000001,-32.30507399999999,-31.955922
-78.88345566666668,567.3209586666667,273.3662326666667,-143.335786,426.4185125,15.011533,-85.629594,226.7337755,88.000653,-48.840672000000005,-32.718728999999996,-31.725094000000013
-78.89099866666668,567.3633743333334,273.38627333333335,-143.31138950000002,426.537862,15.045577,-85.315124,227.7822135,89.695272,-48.696652,-33.135243,-31.485938000000004
-78.89994533333333,567.4097013333334,273.4066533333333,-143.285983,426.65383599999996,15.085953499999999,-84.997892,228.850549,91.4089545,-48.551691999999996,-33.554366000000016,-31.238511000000003
-78.91026733333332,567.45992,273.4273713333334,-143.259572,426.766338,15.132686,-84.6781305,229.938578,93.1409205,-48.405831,-33.975843999999995,-30.982881000000006
-78.921938,567.5140093333333,273.448424,-143.2321645,426.87527950000003,15.18579,-84.356075,231.046079,94.8903655,-48.25911,-34.39942400000001,-30.71912499999999
-78.934927,567.5719466666666,273.46980866666667,-143.2037705,426.98058000000003,15.245270999999999,-84.03196750000001,232.1728155,96.6564675,-48.11157300000001,-34.824847000000005,-30.447328999999996
-78.949207,567.633708,273.49152,-143.174402,427.08216600000003,15.3111265,-83.706053,233.318537,98.438384,-47.963260000000005,-35.251852000000014,-30.167587999999995
-78.96474866666667,567.6992673333333,273.51355200000006,-143.1440735,427.17997249999996,15.3833455,-83.3785805,234.4829745,100.2352555,-47.81421499999999,-35.68017899999998,-29.880004999999997
-78.98152166666667,567.768598,273.535899,-143.1128015,427.2739405,15.4619065,-83.049803,235.6658465,102.046205,-47.66448199999999,-36.109565,-29.58469199999999
-78.99949733333334,567.8416716666667,273.5585526666667,-143.0806045,427.3640215,15.546781,-82.719976,236.8668535,103.870339,-47.514106,-36.539743000000016,-29.281768
-79.01864566666666,567.918458,273.581504,-143.047503,427.450172,15.6379315,-82.38935649999999,238.085683,105.7067495,-47.363129,-36.970451999999966,-28.971361
-79.03893666666666,567.9989253333333,273.6047443333333,-143.013519,427.532357,15.7353105,-82.058204,239.32200749999998,107.55451550000001,-47.211600000000004,-37.40142499999999,-28.653607000000008
-79.06034033333333,568.08304,273.628263,-142.978676,427.610551,15.838864,-81.7267785,240.57548250000002,109.4127025,-47.05956299999999,-37.83239900000004,-28.328649
-79.08282733333334,568.1707686666667,273.6520483333333,-142.9430005,427.684734,15.9485275,-81.395342,241.8457515,111.2803655,-46.907064,-38.263108999999986,-27.996636999999993
-79.10636733333332,568.262074,273.67608900000005,-142.90652,427.75489400000004,16.064229,-81.064156,243.1324415,113.15654799999999,-46.754152,-38.69329299999998,-27.65773
-79.13093133333332,568.356919,273.70037066666663,-142.8692625,427.8210275,16.1858885,-80.733481,244.43516699999998,115.040286,-46.600874,-39.12268800000001,-27.312089999999984
-79.15648866666668,568.4552646666667,273.7248803333334,-142.831259,427.8831385,16.3134165,-80.403578,245.7535295,116.930607,-46.447278000000004,-39.551034999999985,-26.95989
-79.18301066666666,568.5570696666667,273.74960266666665,-142.792541,427.941237,16.446717,-80.074706,247.08711399999999,118.82653149999999,-46.29341,-39.97807799999998,-26.601309
-79.210469,568.6622926666668,273.7745223333333,-142.7531415,427.9953415,16.5856855,-79.747122,248.435496,120.727077,-46.139322,-40.40356,-26.236527999999993
-79.23883333333333,568.770889,273.7996236666667,-142.713095,428.0454775,16.7302095,-79.4210815,249.79823500000003,122.6312535,-45.985061,-40.827230000000014,-25.865736999999996
-79.26807566666666,568.8828143333334,273.82488866666665,-142.6724355,428.091678,16.880169,-79.0968365,251.17488000000003,124.5380715,-45.830677,-41.248838000000006,-25.489132999999995
-79.29816866666667,568.9980213333333,273.85030033333334,-142.6312005,428.133981,17.035436999999998,-78.774636,252.56496750000002,126.4465375,-45.676218000000006,-41.668139000000025,-25.106915000000015
-79.32908433333334,569.1164613333334,273.87584,-142.589426,428.172434,17.195878,-78.454726,253.96802250000002,128.35566,-45.521736,-42.084891,-24.719288000000006
-79.36079566666666,569.238085,273.901489,-142.5471505,428.20709,17.3613515,-78.137348,255.3835585,130.264447,-45.36728,-42.49885900000001,-24.326461999999992
-79.393276,569.3628413333333,273.9272263333333,-142.504413,428.2380075,17.531708,-77.8227385,256.8110785,132.171909,-45.212900999999995,-42.909808999999996,-23.928652
-79.42649933333333,569.4906763333333,273.9530336666666,-142.461251,428.26525200000003,17.706794000000002,-77.511129,258.25007500000004,134.07706050000002,-45.058646,-43.31751200000002,-23.526077000000015
-79.460441,569.621536,273.978889,-142.417705,428.288896,17.886447,-77.2027475,259.70003099999997,135.97892000000002,-44.904569,-43.72174799999999,-23.118955999999997
-79.49507533333333,569.7553643333334,274.0047723333333,-142.373815,428.3090165,18.070500000000003,-76.8978135,261.1604195,137.8765125,-44.750717,-44.122299,-22.707521000000014
-79.53037866666666,569.8921036666667,274.03066,-142.3296205,428.3256965,18.258779999999998,-76.596543,262.630706,139.76887,-44.597142000000005,-44.51895399999998,-22.29199399999999
-79.56632833333333,570.0316946666667,274.056532,-142.285162,428.339026,18.451107,-76.2991435,264.110346,141.6550325,-44.443893,-44.911508,-21.872613
-79.602901,570.1740766666667,274.082365,-142.24048,428.34909749999997,18.647298,-76.005818,265.5987885,143.5340505,-44.29102,-45.29976300000001,-21.44960900000001
-79.64007566666668,570.3191873333334,274.108136,-142.195615,428.35601099999997,18.8471635,-75.71676,267.0954745,145.40498350000001,-44.138574,-45.683524999999975,-21.02321900000001
-79.67783133333334,570.466963,274.13382233333334,-142.1506065,428.359871,19.0505085,-75.4321575,268.59983850000003,147.2669045,-43.98660100000001,-46.06260900000001,-20.593683
-79.71614699999999,570.6173383333334,274.1594003333333,-142.10549500000002,428.36078399999997,19.257136,-75.152191,270.1113095,149.1188985,-43.835152,-46.43683899999999,-20.161241000000018
-79.755005,570.7702466666666,274.18484666666666,-142.060319,428.35886500000004,19.466841000000002,-74.877032,271.6293095,150.9600635,-43.684276000000004,-46.80604099999999,-19.726135
-79.79438699999999,570.9256193333334,274.2101376666667,-142.0151185,428.35422900000003,19.6794185,-74.60684450000001,273.1532565,152.789514,-43.534021,-47.170053000000024,-19.28860800000001
-79.83427433333333,571.0833866666667,274.23524933333334,-141.969933,428.346998,19.894658,-74.3417845,274.682565,154.6063795,-43.384433,-47.528718000000026,-18.848903000000007
-79.874652,571.2434773333333,274.26015866666665,-141.9247985,428.337296,20.112344,-74.0819995,276.2166435,156.409807,-43.235561000000004,-47.88188899999997,-18.407265999999993
-79.91550366666667,571.4058186666667,274.28484000000003,-141.879754,428.325251,20.3322625,-73.827628,277.754899,158.198961,-43.08745,-48.22942400000002,-17.963942000000003
-79.956816,571.5703363333333,274.3092706666667,-141.8348355,428.3109935,20.554192,-73.5788015,279.2967355,159.973025,-42.940146999999996,-48.571191,-17.519173999999992
-79.99857433333334,571.736956,274.33342566666664,-141.790078,428.29465749999997,20.777911500000002,-73.3356405,280.84155350000003,161.7312015,-42.793697,-48.907065000000046,-17.073206999999996
-80.04076633333334,571.9055986666666,274.357283,-141.745518,428.2763795,21.003197,-73.098259,282.388755,163.4727145,-42.648144,-49.236932000000024,-16.62628699999999
-80.08338166666668,572.0761873333332,274.3808173333333,-141.701188,428.2562975,21.229822499999997,-72.8667595,283.9377385,165.196809,-42.503531,-49.56068099999999,-16.17865599999999
-80.12640799999998,572.2486423333334,274.4040053333333,-141.65712200000002,428.234554,21.4575615,-72.641238,285.4879025,166.90275150000002,-42.3599,-49.87821500000001,-15.73055500000001
-80.16983733333333,572.4228830000001,274.42682433333334,-141.613351,428.21128999999996,21.6861855,-72.4217805,287.03864799999997,168.5898315,-42.217295,-50.18944200000004,-15.282226999999978
-80.21366,572.5988263333334,274.44925033333334,-141.5699055,428.1866505,21.915465,-72.2084635,288.589375,170.257362,-42.075755,-50.49428,-14.833910000000003
-80.25786933333335,572.7763903333333,274.47126166666663,-141.5268155,428.16078200000004,22.1451715,-72.0013565,290.13948500000004,171.90467999999998,-41.935320999999995,-50.79265400000003,-14.385843999999992
-80.30245833333333,572.9554899999999,274.4928346666666,-141.4841095,428.133831,22.375074,-71.800518,291.68838300000004,173.531147,-41.796029999999995,-51.08449999999999,-13.938262000000009
-80.347421,573.1360403333334,274.51394766666664,-141.4418145,428.105945,22.6049435,-71.6059995,293.23547499999995,175.1361495,-41.657921,-51.369759999999985,-13.491400999999996
-80.392753,573.317954,274.53457899999995,-141.3999555,428.077274,22.834551,-71.4178425,294.780171,176.71910050000002,-41.521029000000006,-51.64838599999996,-13.045490999999998
-80.43845033333334,573.501144,274.55470733333334,-141.358558,428.047966,23.063667000000002,-71.236082,296.3218865,178.2794375,-41.385389999999994,-51.92033700000002,-12.600758999999982
-80.48450933333334,573.685522,274.574311,-141.3176445,428.018171,23.292066,-71.0607435,297.86003700000003,179.81662649999998,-41.251037,-52.18558200000001,-12.157434999999992
-80.53092933333333,573.8709990000001,274.5933703333333,-141.277237,427.98803799999996,23.5195195,-70.891843,299.39404850000005,181.33015799999998,-41.118004,-52.444097,-11.715740000000011
-80.57770866666667,574.0574846666667,274.611865,-141.237356,427.957718,23.745805,-70.7293905,300.92334700000004,182.8195515,-40.986321,-52.69586599999997,-11.27589500000002
-80.62484666666667,574.2448886666666,274.6297763333334,-141.19802099999998,427.927358,23.970699500000002,-70.573387,302.4473685,184.284353,-40.856018,-52.94088499999998,-10.838115999999985
-80.67234366666668,574.4331196666667,274.6470846666667,-141.15925,427.8971085,24.193982499999997,-70.423828,303.965553,185.72413699999998,-40.727124,-53.179152000000045,-10.40261799999999
-80.72020133333334,574.6220846666666,274.663772,-141.1210585,427.867116,24.415436,-70.2806985,305.4773485,187.138505,-40.599667000000004,-53.41067499999997,-9.969612000000012
-80.768421,574.8116926666667,274.67982133333334,-141.083463,427.837529,24.634845499999997,-70.1439785,306.98221,188.5270855,-40.473671,-53.63547399999999,-9.539303000000018
-80.81700566666666,575.00185,274.695215,-141.04647699999998,427.8084925,24.8519985,-70.013641,308.4795995,189.889536,-40.34916,-53.85357099999999,-9.111894000000007
-80.865959,575.1924643333333,274.7099366666667,-141.0101135,427.78015200000004,25.0666865,-69.889652,309.96898899999997,191.22554350000001,-40.226158,-54.064998,-8.687584999999984
-80.915284,575.3834413333334,274.72397166666667,-140.974384,427.752651,25.278703500000002,-69.7719715,311.44985799999995,192.53482,-40.104687,-54.26979399999999,-8.266570000000002
-80.96498533333333,575.5746883333333,274.7373043333333,-140.9393,427.72613049999995,25.48785,-69.66055349999999,312.921695,193.817107,-39.984763,-54.46800399999995,-7.849040000000002
-81.01506866666666,575.7661119999999,274.74992066666664,-140.9048695,427.70073249999996,25.6939265,-69.5553465,314.383997,195.0721745,-39.866409000000004,-54.65968200000003,-7.435182999999995
-81.065539,575.9576176666666,274.76180733333337,-140.871102,427.67659449999996,25.8967405,-69.456293,315.836272,196.29981800000002,-39.74964,-54.84488799999997,-7.025180000000006
-81.11640233333333,576.149113,274.7729523333333,-140.838005,427.65385349999997,26.096103499999998,-69.3633315,317.278038,197.4998625,-39.634468999999996,-55.023686,-6.619209000000012
-81.167665,576.340505,274.78334266666667,-140.8055845,427.63264449999997,26.2918315,-69.276396,318.7088225,198.672159,-39.520911999999996,-55.196150999999986,-6.217445999999995
-81.219333,576.5317006666668,274.792968,-140.77384750000002,427.6130995,26.4837455,-69.1954145,320.1281645,199.816586,-39.408981000000004,-55.362359000000026,-5.820058000000017
-81.27141466666667,576.7226076666667,274.8018176666667,-140.742797,427.5953485,26.67167,-69.120313,321.53561249999996,200.93304799999999,-39.298688,-55.52239700000001,-5.427209999999974
-81.323916,576.9131336666668,274.8098826666667,-140.71243950000002,427.579521,26.855438,-69.051013,322.9307275,202.021477,-39.19003800000001,-55.67635100000001,-5.039065999999991
-81.37684533333334,577.1031886666666,274.81715433333335,-140.68277799999998,427.565741,27.0348845,-68.9874325,324.31308049999996,203.0818295,-39.083042999999996,-55.824319,-4.6557770000000005
-81.43020966666667,577.2926816666667,274.8236243333334,-140.653816,427.554132,27.209851999999998,-68.929487,325.682255,204.11408799999998,-38.977708,-55.96639800000003,-4.2774980000000085
-81.484017,577.4815236666667,274.82928599999997,-140.62555650000002,427.54481450000003,27.380187499999998,-68.87709050000001,327.037845,205.11826050000002,-38.874037,-56.10269600000004,-3.9043749999999875
-81.53827466666667,577.6696253333333,274.834133,-140.598001,427.537906,27.545746,-68.8301525,328.3794565,206.094378,-38.772035,-56.233321000000046,-3.5365500000000054
-81.59299066666667,577.8568996666667,274.8381603333333,-140.5711545,427.533522,27.7063855,-68.78858299999999,329.7067085,207.04249650000003,-38.671701999999996,-56.358385,-3.174160999999998
-81.648173,578.0432606666667,274.84136333333333,-140.5450175,427.5317745,27.8619725,-68.752289,331.01923,207.9626955,-38.57304,-56.47800599999999,-2.817340999999999
-81.70382833333333,578.228623,274.8437386666667,-140.519593,427.5327725,28.0123785,-68.7211765,332.3166625,208.8550775,-38.476048999999996,-56.592307000000005,-2.4662189999999953
-81.75996533333334,578.4129023333334,274.845283,-140.49488300000002,427.5366225,28.1574815,-68.695153,333.598661,209.719765,-38.380725999999996,-56.70141000000001,-2.1209200000000124
-81.81659033333334,578.5960180000001,274.8459946666667,-140.4708925,427.543428,28.297165500000002,-68.6741225,334.8648895,210.5569045,-38.287068999999995,-56.80544499999996,-1.7815630000000056
-81.87371,578.7778886666666,274.8458723333333,-140.447622,427.55329,28.431321999999998,-68.6579905,336.1150265,211.36666250000002,-38.195073,-56.904539,-1.4482650000000206
-81.93133166666667,578.958435,274.84491533333335,-140.425077,427.5663045,28.559848,-68.64666299999999,337.3487605,212.149225,-38.104732,-56.99882699999995,-1.1211359999999786
-81.98946166666666,579.1375806666666,274.84312499999993,-140.403261,427.5825675,28.6826465,-68.640046,338.5657925,212.9047975,-38.01604,-57.088442999999984,-0.8002849999999739
-82.048106,579.31525,274.84050199999996,-140.3821795,427.6021685,28.799629499999998,-68.6380455,339.7658355,213.633605,-37.928989,-57.173524999999984,-0.4858119999999815
-82.10726900000002,579.4913696666666,274.8370486666667,-140.3618375,427.625197,28.9107135,-68.640571,340.948613,214.3358885,-37.84357200000001,-57.25421,-0.17781700000000455
-82.16695700000001,579.6658686666666,274.83276766666665,-140.342242,427.65173649999997,29.015821,-68.6475325,342.1138605,215.011909,-37.75977700000001,-57.33063900000002,0.12360400000000027
-82.22717433333334,579.8386780000001,274.8276633333333,-140.323401,427.681869,29.114884,-68.6588395,343.261325,215.66194050000001,-37.677595,-57.40295200000003,0.4183630000000278
-82.28792433333334,580.0097306666667,274.82173933333337,-140.305323,427.715673,29.2078375,-68.6744075,344.39076450000005,216.286274,-37.597013000000004,-57.47129100000001,0.7063699999999926
-82.34921100000001,580.1789620000001,274.815001,-140.2880185,427.753224,29.294627,-68.6941515,345.501946,216.885216,-37.518021000000005,-57.535798,0.9875439999999855
-82.41103633333333,580.34631,274.8074546666667,-140.2714985,427.79459299999996,29.375202,-68.717989,346.5946485,217.45908500000002,-37.44060400000001,-57.59661500000004,1.261806000000007
-82.473403,580.511715,274.79910666666666,-140.2557755,427.83984899999996,29.449518,-68.74584200000001,347.6686615,218.0082135,-37.36475,-57.653885,1.5290789999999959
-82.53631166666666,580.6751196666667,274.78996466666666,-140.2408645,427.889057,29.517540500000003,-68.7776345,348.72378449999997,218.53294549999998,-37.290442999999996,-57.70774899999998,1.78929100000002
-82.59976366666666,580.8364696666667,274.7800363333333,-140.2267805,427.942279,29.579237499999998,-68.813293,349.759825,219.033636,-37.21767,-57.75834800000001,2.04237599999999
-82.66375833333332,580.9957133333334,274.769331,-140.2135425,427.9995735,29.634586,-68.852747,350.77660149999997,219.510651,-37.14641400000001,-57.805822999999975,2.288263999999998
-82.72829466666667,581.1528003333334,274.757858,-140.201169,428.0609955,29.683569,-68.895932,351.7739415,219.96436549999999,-37.076660000000004,-57.85031299999997,2.526896999999991
-82.793371,581.3076853333333,274.745627,-140.189681,428.1265965,29.726174,-68.9427845,352.75168099999996,220.3951635,-37.00839299999999,-57.89195599999999,2.758213000000012
-82.85898566666667,581.4603246666667,274.732649,-140.1791025,428.196425,29.762398,-68.9932455,353.709663,220.80343599999998,-36.941593000000005,-57.93088800000004,2.9821579999999983
-82.92513366666667,581.6106773333333,274.718936,-140.16945800000002,428.270526,29.792241500000003,-69.0472605,354.64774050000005,221.18958049999998,-36.876247,-57.967241,3.1986789999999985
-82.99181166666666,581.7587056666666,274.70449933333333,-140.160774,428.3489405,29.815711999999998,-69.10477750000001,355.5657735,221.55400200000003,-36.812335000000004,-58.00115099999999,3.4077240000000018
-83.05901499999999,581.9043746666666,274.68935166666665,-140.153081,428.4317065,29.832823,-69.165751,356.4636285,221.8971095,-36.749842,-58.032745000000034,3.609246999999982
-83.12673633333333,582.0476520000001,274.6735056666667,-140.1464095,428.518858,29.8435945,-69.230136,357.34118,222.219316,-36.68875,-58.06215199999997,3.803201999999999
-83.19496966666667,582.1885093333334,274.6569756666667,-140.1407925,428.6104265,29.8480505,-69.297895,358.198308,222.5210385,-36.629042,-58.089494,3.989549000000011
-83.26370666666668,582.32692,274.6397753333333,-140.136266,428.70643800000005,29.846223499999997,-69.36899249999999,359.034899,222.802696,-36.570701,-58.114896000000044,4.168244000000016
-83.33293933333333,582.4628613333333,274.6219203333333,-140.132867,428.8069175,29.838148500000003,-69.443398,359.8508445,223.06471,-36.51370800000001,-58.138472999999976,4.339254000000011
-83.40265699999999,582.596313,274.6034243333333,-140.1306355,428.91188350000004,29.823869,-69.5210845,360.6460435,223.3075015,-36.458048999999995,-58.16034100000002,4.502539000000013
-83.47285066666667,582.7272586666667,274.58430400000003,-140.129613,429.021353,29.803431,-69.60203,361.420396,223.531493,-36.403706,-58.180611999999996,4.658069999999981
-83.54350733333332,582.8556833333333,274.5645753333333,-140.129843,429.13533800000005,29.7768885,-69.6862155,362.1738105,223.7371055,-36.350661,-58.199392999999986,4.805813000000001
-83.61461566666667,582.981577,274.54425433333336,-140.131372,429.253848,29.7442985,-69.7736275,362.90619749999996,223.924759,-36.298899000000006,-58.216789000000006,4.945740000000001
-83.68616233333334,583.1049306666667,274.52335833333336,-140.134247,429.376887,29.705724999999997,-69.864254,363.617471,224.094871,-36.248405999999996,-58.232898000000034,5.077823999999993
-83.75813333333333,583.22574,274.501904,-140.138518,429.5044555,29.661234999999998,-69.9580895,364.30754850000005,224.2478565,-36.199164999999994,-58.24781899999999,5.202038999999985
-83.830514,583.3440019999999,274.4799093333333,-140.144237,429.636552,29.6109015,-70.05512999999999,364.976352,224.38412599999998,-36.15115999999999,-58.26164,5.318360000000013
-83.90328866666665,583.4597176666667,274.4573923333333,-140.1514565,429.7731675,29.554802000000002,-70.155376,365.623803,224.504087,-36.104378000000004,-58.27445,5.426765999999986
-83.97644000000001,583.57289,274.434371,-140.1602325,429.9142925,29.493019500000003,-70.258831,366.24982850000004,224.6081405,-36.058804,-58.28633099999996,5.527239000000009
-84.04995233333334,583.6835259999999,274.41086366666667,-140.17062049999998,430.05991200000005,29.4256385,-70.36550299999999,366.854355,224.696683,-36.014426,-58.29736200000002,5.619755999999995
-84.12380666666667,583.7916336666667,274.38689,-140.1826795,430.210005,29.3527515,-70.4754015,367.437311,224.7701035,-35.971230999999996,-58.307615999999996,5.704302999999982
-84.19798433333334,583.8972253333333,274.36246766666665,-140.1964685,430.3645495,29.2744535,-70.58854,367.99862700000006,224.828787,-35.929208,-58.31716,5.780862000000013
-84.27246633333334,584.0003153333332,274.33761699999997,-140.212049,430.5235165,29.190844,-70.70493350000001,368.5382335,224.873107,-35.888343000000006,-58.32605899999999,5.849420000000009
-84.34723233333334,584.100919,274.312357,-140.22948150000002,430.6868745,29.1020255,-70.824602,369.056063,224.903433,-35.84862799999999,-58.33437200000003,5.909964000000002
-84.42226133333334,584.199057,274.28670700000004,-140.248829,430.8545865,29.0081055,-70.947564,369.552046,224.9201235,-35.810052000000006,-58.342152,5.962482999999992
-84.497533,584.2947499999999,274.2606876666667,-140.270156,431.026611,28.9091955,-71.07384400000001,370.026115,224.92352799999998,-35.772606,-58.34945000000005,6.006966000000006
-84.57302433333332,584.3880223333334,274.23431766666664,-140.29352649999998,431.202903,28.8054095,-71.2034655,370.478202,224.91399,-35.736283,-58.35630800000001,6.043403999999981
-84.648714,584.4788993333333,274.2076173333333,-140.319004,431.38341149999997,28.6968665,-71.336455,370.90823750000004,224.8918385,-35.701074000000006,-58.362765000000024,6.07179099999999
-84.724578,584.56741,274.1806076666667,-140.3466555,431.5680805,28.583687499999996,-71.47283999999999,371.31615350000004,224.857395,-35.666973999999996,-58.368854999999996,6.092119999999994
-84.800594,584.653584,274.1533083333333,-140.37654500000002,431.75685150000004,28.465998,-71.6126495,371.7018795,224.810971,-35.633976999999994,-58.374607000000026,6.104388
-84.876738,584.7374533333333,274.125739,-140.4087375,431.949659,28.343926500000002,-71.7559125,372.0653445,224.75286549999998,-35.602078999999996,-58.380044999999996,6.108591000000018
-84.95298533333333,584.8190519999999,274.0979203333333,-140.443298,432.146433,28.217604,-71.9026585,372.4064775,224.68336749999997,-35.57127499999999,-58.38518499999998,6.104726999999997
-85.02931233333334,584.8984153333333,274.0698726666667,-140.4802915,432.34709799999996,28.087165,-72.052919,372.7252055,224.602753,-35.541564,-58.39004299999999,6.092797999999988
-85.10569366666665,584.975581,274.0416163333333,-140.5197815,432.5515755,27.9527475,-72.206724,373.0214545,224.51128799999998,-35.512942,-58.394627000000014,6.072801999999996
-85.18210499999999,585.0505866666667,274.01317133333333,-140.56183049999999,432.75977950000004,27.8144905,-72.3641025,373.2951495,224.4092265,-35.485411,-58.39894099999998,6.044745000000006
-85.25852066666666,585.1234733333333,273.9845576666667,-140.6065015,432.9716205,27.6725375,-72.5250855,373.54621399999996,224.2968095,-35.458969,-58.40298200000001,6.008631000000008
-85.33491533333334,585.1942816666666,273.955796,-140.65385450000002,433.1870025,27.5270345,-72.6897,373.7745705,224.1742655,-35.433618,-58.406745,5.964466999999985
-85.411264,585.2630536666667,273.92690566666664,-140.703949,433.4058245,27.378128500000003,-72.8579745,373.9801405,224.0418115,-35.409358999999995,-58.410218999999984,5.912259000000006
-85.48754100000001,585.329834,273.897907,-140.756843,433.6279805,27.225971,-73.0299355,374.16284399999995,223.8996525,-35.386196999999996,-58.413388,5.852018999999984
-85.56372133333333,585.3946653333334,273.8688196666667,-140.8125915,433.8533595,27.0707135,-73.2056065,374.3226005,223.74797949999999,-35.364135000000005,-58.41623099999998,5.783759000000003
-85.63977866666666,585.4575936666666,273.839664,-140.8712485,434.08184400000005,26.912511,-73.38501049999999,374.459328,223.5869725,-35.343179000000006,-58.418721999999946,5.7074910000000045
-85.71568766666667,585.5186643333333,273.810458,-140.932866,434.313312,26.751520999999997,-73.5681675,374.572943,223.41679649999998,-35.323333,-58.42083400000001,5.623232999999999
-85.79142433333334,585.5779229999999,273.78122233333335,-140.99749300000002,434.547635,26.5879015,-73.755095,374.6633635,223.237607,-35.304606,-58.42253100000005,5.531002000000001
-85.86696233333333,585.6354166666666,273.7519756666667,-141.065175,434.78468050000004,26.421813999999998,-73.945808,374.730505,223.0495445,-35.287003999999996,-58.423775999999975,5.430818999999985
-85.94227699999999,585.6911913333332,273.72273666666666,-141.13595650000002,435.024309,26.253420000000002,-74.14031800000001,374.77428299999997,222.85273949999998,-35.270538,-58.42452599999996,5.322707000000008
-86.01734333333333,585.7452946666666,273.6935243333333,-141.2098765,435.26637600000004,26.082884500000002,-74.3386345,374.794614,222.647307,-35.25521700000001,-58.424734,5.206690000000009
-86.09213766666666,585.7977726666668,273.66435700000005,-141.286973,435.510732,25.9103725,-74.540761,374.7914135,222.43335150000001,-35.241052,-58.424351,5.082796999999999
-86.16663566666666,585.8486720000001,273.63525366666664,-141.3672795,435.75722199999996,25.736051000000003,-74.7467,374.7645975,222.21096599999998,-35.228054,-58.42332099999999,4.9510560000000226
-86.24081333333334,585.89804,273.60623133333337,-141.450826,436.00568450000003,25.5600885,-74.9564475,374.71408399999996,221.98023,-35.216235000000005,-58.421587999999986,4.8115040000000135
-86.31464733333333,585.9459213333333,273.5773076666667,-141.537639,436.255955,25.382654499999997,-75.1699965,374.63979,221.741213,-35.205609,-58.41908999999998,4.664174000000003
-86.38811500000001,585.9923626666666,273.5485003333333,-141.62774050000002,436.5078605,25.203919,-75.3873355,374.54163600000004,221.4939705,-35.196191000000006,-58.41576200000003,4.509105000000005
-86.46119366666666,586.037409,273.519827,-141.7211485,436.7612245,25.024054,-75.6084485,374.41954250000003,221.2385485,-35.187994999999994,-58.411535000000015,4.346340999999995
-86.53386133333333,586.081103,273.4913033333333,-141.8178775,437.0158665,24.8432315,-75.8333125,374.2734315,220.974982,-35.181037,-58.406339,4.175926000000004
-86.606096,586.1234893333333,273.46294666666665,-141.9179365,437.27159900000004,24.661625,-76.061903,374.10323,220.7032935,-35.175334,-58.40009999999995,3.997906999999998
-86.67787766666667,586.164609,273.4347726666667,-142.0213305,437.52823,24.4794075,-76.2941865,373.9088645,220.4234965,-35.170903,-58.392741,3.8123390000000086
-86.74918533333334,586.2045046666666,273.4067976666667,-142.12806,437.78556249999997,24.296753,-76.53012749999999,373.6902675,220.135593,-35.167761,-58.38418100000001,3.6192740000000185
-86.81999966666666,586.243215,273.3790363333333,-142.23811949999998,438.04339600000003,24.1138355,-76.76968199999999,373.4473735,219.8395755,-35.165927999999994,-58.374341000000015,3.4187729999999874
-86.89030133333331,586.2807799999999,273.351504,-142.35150099999998,438.3015245,23.9308305,-77.012802,373.180121,219.535427,-35.165423999999994,-58.363134,3.210897999999986
-86.96007100000001,586.317236,273.3242153333333,-142.468189,438.5597365,23.747911499999997,-77.2594335,372.888453,219.2231215,-35.166267000000005,-58.350476000000015,2.99571499999999
-87.02929233333334,586.35262,273.297184,-142.5881635,438.8178185,23.565253000000002,-77.5095165,372.5723175,218.902622,-35.168479,-58.336276999999995,2.773293999999993
-87.09794633333333,586.386965,273.270425,-142.711401,439.075551,23.383029,-77.762983,372.231668,218.57388450000002,-35.17208,-58.320448,2.543709000000007
-87.16601800000001,586.4203043333333,273.2439503333333,-142.837871,439.332713,23.201414,-78.019763,371.8664625,218.23685749999999,-35.17709200000001,-58.30289700000003,2.307039000000003
-87.23349066666667,586.4526689999999,273.2177736666667,-142.967538,439.589077,23.02058,-78.279776,371.47666749999996,217.8914785,-35.183538,-58.28353099999998,2.0633650000000046
-87.30034966666666,586.4840883333333,273.1919076666666,-143.1003615,439.84441400000003,22.8407005,-78.5429385,371.0622525,217.5376815,-35.19143900000001,-58.26225699999998,1.8127729999999929
-87.36658066666666,586.514589,273.16636466666665,-143.23629549999998,440.098491,22.6619455,-78.8091585,370.6231975,217.175389,-35.200816999999994,-58.23897899999997,1.5553539999999941
-87.43216933333333,586.5441963333334,273.1411556666667,-143.3752895,440.3510725,22.484486,-79.078339,370.159488,216.8045205,-35.211698000000005,-58.213599999999985,1.291201000000001
-87.49710266666666,586.5729336666667,273.11629166666665,-143.5172855,440.6019205,22.308492,-79.3503765,369.671118,216.424986,-35.224105,-58.18602600000003,1.0204159999999831
-87.56137,586.6008226666667,273.09178433333335,-143.662222,440.8507935,22.134130499999998,-79.6251605,369.158089,216.03669200000002,-35.238059,-58.156158000000005,0.7430980000000034
-87.62495799999999,586.6278823333333,273.06764333333336,-143.8100325,441.09745,21.9615675,-79.9025755,368.620413,215.63953700000002,-35.253587,-58.123898,0.4593579999999804
-87.68785700000001,586.654129,273.043878,-143.9606425,441.34164450000003,21.790968,-80.18249899999999,368.0581095,215.233417,-35.270711999999996,-58.089151000000015,0.16930600000000595
-87.75005633333335,586.679577,273.020498,-144.1139745,441.583132,21.622494500000002,-80.464803,367.4712085,214.8182205,-35.289458,-58.05181700000003,-0.12694299999998293
-87.811547,586.70424,272.99751233333336,-144.269946,441.8216645,21.456307,-80.749352,366.85975,214.393834,-35.30984999999999,-58.01180199999999,-0.42926599999998416
-87.87232066666667,586.7281273333334,272.974929,-144.428467,442.05699500000003,21.292564,-81.036006,366.22378449999997,213.9601385,-35.331911999999996,-57.969006999999976,-0.7375390000000266
-87.93236866666668,586.7512476666666,272.9527553333333,-144.5894445,442.28887399999996,21.131422,-81.3246185,365.56337299999996,213.51701200000002,-35.355669000000006,-57.923336000000006,-1.051634000000007
-87.991685,586.7736060000001,272.93099966666665,-144.75278,442.51705400000003,20.973032500000002,-81.6150375,364.87858700000004,213.064329,-35.381145000000004,-57.87469600000003,-1.3714179999999772
-88.05026133333332,586.7952053333333,272.90966700000007,-144.91836949999998,442.741287,20.817546500000002,-81.9071055,364.1695115,212.60196200000001,-35.40836300000001,-57.822991,-1.6967499999999802
-88.10809366666668,586.8160473333334,272.88876466666665,-145.086105,442.9613245,20.665111,-82.2006595,363.43624250000005,212.1297815,-35.43734900000001,-57.76812899999999,-2.0274909999999977
-88.16517566666666,586.8361303333332,272.8682983333333,-145.255872,443.17692050000005,20.5158705,-82.495532,362.67888700000003,211.647654,-35.468126,-57.71002000000004,-2.363494000000003
-88.22150299999998,586.8554506666668,272.84827233333334,-145.427554,443.38783,20.369964,-82.79154750000001,361.897567,211.1554475,-35.500716999999995,-57.648572,-2.704609000000005
-88.27707200000002,586.8740023333334,272.82869166666666,-145.60102799999999,443.5938095,20.22753,-83.0885305,361.092416,210.653027,-35.535146999999995,-57.58369800000003,-3.05068
-88.331879,586.8917766666667,272.80956033333337,-145.77616749999999,443.79461749999996,20.088701,-83.386296,360.26358,210.14025700000002,-35.571436000000006,-57.51531,-3.4015520000000095
-88.385921,586.9087636666667,272.79088133333335,-145.9528425,443.99001499999997,19.953605,-83.684658,359.41121999999996,209.6170025,-35.60961,-57.44332800000001,-3.757060999999993
-88.439196,586.9249506666666,272.7726586666667,-146.130917,444.17976699999997,19.822368500000003,-83.983425,358.53551,209.0831285,-35.649688,-57.367665999999986,-4.117041
-88.49170266666665,586.940322,272.754893,-146.3102535,444.36364100000003,19.6951105,-84.2824005,357.6366385,208.5385,-35.691693,-57.288246999999956,-4.481324000000001
-88.54343899999999,586.954861,272.7375876666667,-146.49070949999998,444.5414075,19.5719475,-84.581387,356.7148075,207.9829835,-35.73564599999999,-57.204993,-4.849734999999981
-88.59440433333333,586.9685486666667,272.7207426666667,-146.6721395,444.712843,19.4529915,-84.880181,355.7702325,207.416447,-35.78156600000001,-57.11783099999997,-5.222098000000017
-88.64459899999999,586.9813633333333,272.704359,-146.8543935,444.877727,19.338347,-85.178578,354.80314599999997,206.83875949999998,-35.829474000000005,-57.02668799999998,-5.598235000000017
-88.69402233333334,586.993281,272.6884373333333,-147.0373215,445.0358445,19.2281165,-85.4763695,353.8137925,206.2497935,-35.879386999999994,-56.93149699999998,-5.977960999999993
-88.74267566666667,587.004278,272.672976,-147.2207675,445.1869855,19.1223945,-85.77334350000001,352.8024335,205.64942200000002,-35.931325,-56.83219299999996,-6.3610920000000135
-88.79055899999999,587.0143256666667,272.65797466666663,-147.404575,445.330945,19.021272500000002,-86.069289,351.7693435,205.037523,-35.985304,-56.728714999999966,-6.747437999999988
-88.83767366666666,587.0233956666667,272.64343166666663,-147.5885835,445.467526,18.9248355,-86.36399,350.714813,204.413977,-36.04133999999999,-56.621001999999976,-7.136808000000002
-88.884022,587.0314573333334,272.629345,-147.772632,445.59653649999996,18.833161,-86.6572305,349.639148,203.77866649999999,-36.09944899999999,-56.50900200000001,-7.529009000000002
-88.929605,587.0384783333334,272.6157113333333,-147.9565565,445.7177915,18.746323,-86.948793,348.542667,203.131481,-36.159644,-56.39266199999997,-7.9238440000000026
-88.974425,587.044424,272.6025276666667,-148.1401915,445.8311125,18.664388499999998,-87.2384595,347.425706,202.4723115,-36.221939000000006,-56.27193599999998,-8.321114999999992
-89.018485,587.0492593333333,272.58979,-148.3233705,445.9363305,18.587417000000002,-87.52601150000001,346.2886155,201.80105550000002,-36.28634699999999,-56.14678100000003,-8.720623000000018
-89.061786,587.052948,272.57749433333333,-148.5059255,446.0332815,18.515465000000003,-87.811229,345.13176,201.1176145,-36.352878000000004,-56.017154000000005,-9.122164999999995
-89.10433133333333,587.0554506666667,272.5656353333333,-148.6876875,446.121811,18.4485785,-88.093894,343.955519,200.4218965,-36.421542,-55.883024000000034,-9.52553899999998
-89.146124,587.0567286666668,272.5542076666666,-148.86848750000001,446.201774,18.3867995,-88.373788,342.760287,199.71381350000001,-36.492346,-55.744358000000034,-9.930538999999982
-89.187167,587.056741,272.543205,-149.048155,446.273033,18.3301625,-88.650695,341.546473,198.99328400000002,-36.56530000000001,-55.60113000000001,-10.336960000000005
-89.22746233333334,587.055447,272.53262166666667,-149.226521,446.335459,18.278696,-88.924398,340.3145005,198.2602345,-36.640406,-55.453314999999975,-10.744595000000004
-89.267014,587.052803,272.52244966666666,-149.4034145,446.38893299999995,18.2324205,-89.1946835,339.064807,197.51459599999998,-36.717670999999996,-55.30089800000002,-11.153238000000016
-89.30582500000001,587.048766,272.5126813333333,-149.578667,446.4333455,18.191349,-89.46133950000001,337.7978425,196.7563065,-36.79709899999999,-55.14386300000001,-11.562680999999998
-89.34389833333334,587.0432920000001,272.50330966666667,-149.75210850000002,446.468597,18.15549,-89.7241555,336.5140735,195.9853125,-36.878688999999994,-54.98220300000003,-11.972714999999994
-89.381236,587.0363366666667,272.49432533333334,-149.923573,446.494597,18.124842,-89.982925,335.2139785,195.201567,-36.962441999999996,-54.81591100000003,-12.383134000000013
-89.41784233333333,587.0278546666666,272.4857193333333,-150.0928925,446.51126650000003,18.099399000000002,-90.23744400000001,333.8980485,194.405031,-37.048356,-54.64498900000001,-12.793728000000016
-89.45372000000002,587.0178000000001,272.4774826666667,-150.259902,446.5185345,18.079145999999998,-90.487513,332.56678750000003,193.595673,-37.136430000000004,-54.46944100000002,-13.204294000000004
-89.488871,587.0061273333334,272.4696046666667,-150.4244385,446.5163445,18.0640615,-90.732934,331.220714,192.7734705,-37.22665599999999,-54.28927599999997,-13.614621
-89.523299,586.9927906666667,272.46207566666664,-150.586339,446.504646,18.0541165,-90.9735165,329.860355,191.93840949999998,-37.319029,-54.10450799999995,-14.024507
-89.557006,586.9777436666667,272.45488500000005,-150.74544600000002,446.4834035,18.0492755,-91.2090715,328.4862525,191.0904825,-37.41354299999999,-53.915156999999965,-14.433747000000011
-89.58999466666666,586.9609409999999,272.448021,-150.901602,446.4525885,18.049495,-91.439416,327.0989575,190.229695,-37.51018599999999,-53.72124500000001,-14.842138000000006
-89.62226700000001,586.942336,272.4414726666667,-151.0546525,446.41218649999996,18.0547255,-91.664372,325.699034,189.35605800000002,-37.608946,-53.52280000000002,-15.249477999999982
-89.653826,586.9218836666666,272.43522766666666,-151.204446,446.3621935,18.0649085,-91.883768,324.287054,188.4695935,-37.709812,-53.319856000000016,-15.655569000000014
-89.68467233333335,586.899539,272.4292743333333,-151.35083550000002,446.302615,18.079980499999998,-92.097437,322.86360049999996,187.5703325,-37.812768000000005,-53.112449000000026,-16.060213000000005
-89.71480799999999,586.875257,272.42359933333336,-151.4936755,446.2334685,18.09987,-92.305218,321.429267,186.658316,-37.917795999999996,-52.900622,-16.463216000000017
-89.744235,586.8489936666666,272.4181903333333,-151.6328255,446.1547835,18.124499,-92.5069575,319.984654,185.73359549999998,-38.02488099999999,-52.684421999999984,-16.864385
-89.77295433333335,586.8207063333333,272.41303366666665,-151.768148,446.0665995,18.153782,-92.702508,318.5303715,184.7962315,-38.134,-52.46389899999997,-17.263531
-89.80096666666667,586.7903523333333,272.40811733333334,-151.89951050000002,445.968968,18.187628,-92.891728,317.06703749999997,183.846295,-38.24513200000001,-52.23910900000004,-17.660465999999985
-89.82827266666668,586.7578896666668,272.403426,-152.0267835,445.86194950000004,18.225938499999998,-93.07448500000001,315.59527549999996,182.8838675,-38.35825200000001,-52.01011299999999,-18.05500699999999
-89.85487333333333,586.723278,272.39894733333335,-152.1498425,445.7456185,18.2686085,-93.2506525,314.115718,181.909041,-38.473337,-51.776973999999996,-18.44697400000001
-89.88076799999999,586.6864786666666,272.394666,-152.26856850000001,445.62005750000003,18.3155275,-93.42011199999999,312.6290015,180.921919,-38.590356,-51.539761,-18.836189999999988
-89.90595766666667,586.6474523333333,272.3905686666667,-152.382847,445.4853625,18.366579,-93.582753,311.13576950000004,179.922614,-38.709284,-51.29854900000004,-19.222481999999985
-89.93044100000002,586.606163,272.38664066666666,-152.4925665,445.3416365,18.42164,-93.7384725,309.636669,178.9112495,-38.83008699999999,-51.05341199999998,-19.605681000000004
-89.95421766666668,586.5625753333333,272.38286833333336,-152.597623,445.18899650000003,18.480581,-93.88717600000001,308.13235199999997,177.88796150000002,-38.95273400000001,-50.80443399999996,-19.98562100000001
-89.977287,586.5166556666667,272.379236,-152.6979165,445.02756750000003,18.5432685,-94.028778,306.623474,176.85289649999999,-39.07719,-50.55169799999999,-20.362142999999975
-89.999648,586.4683709999999,272.3757296666667,-152.793354,444.857485,18.609563,-94.1631995,305.1106935,175.8062095,-39.203419,-50.29529499999995,-20.735089000000016
-90.021299,586.4176906666668,272.372335,-152.883845,444.678895,18.67932,-94.290373,303.5946705,174.74807049999998,-39.33138199999999,-50.03531499999997,-21.104306999999977
-90.042238,586.3645863333334,272.3690373333333,-152.9693085,444.4919525,18.75239,-94.410237,302.07606699999997,173.67865749999999,-39.461042000000006,-49.771856000000014,-21.469651000000027
-90.06246333333335,586.309031,272.3658216666666,-153.0496655,444.29682249999996,18.82862,-94.5227405,300.55554500000005,172.5981615,-39.592355,-49.50501800000001,-21.830979000000013
-90.08197299999999,586.250999,272.36267433333336,-153.124846,444.09367699999996,18.90785,-94.6278405,299.0337695,171.50678249999999,-39.725279,-49.234905000000026,-22.188150999999976
-90.10076433333332,586.1904673333333,272.3595803333333,-153.194783,443.882701,18.989919,-94.725504,297.51140150000003,170.40473450000002,-39.85977,-48.96162099999998,-22.54103699999999
-90.11883533333334,586.1274146666667,272.35652533333337,-153.2594175,443.6640825,19.07466,-94.8157055,295.9891035,169.29224,-39.995783,-48.68527700000004,-22.889508000000006
-90.136182,586.0618223333333,272.3534956666667,-153.3186965,443.4380225,19.1619045,-94.89842999999999,294.467534,168.1695345,-40.133268,-48.405985999999984,-23.233443000000022
-90.15280166666666,585.9936726666666,272.350477,-153.3725715,443.204727,19.251479,-94.9736705,292.947351,167.03686249999998,-40.272177,-48.12386399999997,-23.57272500000002
-90.16869133333334,585.9229513333333,272.34745533333336,-153.421002,442.96441,19.343208,-95.041429,291.4292075,165.89448099999998,-40.412458,-47.83902899999998,-23.90724400000002
-90.18384766666667,585.849646,272.3444176666667,-153.463952,442.71729400000004,19.4369135,-95.1017175,289.913755,164.742657,-40.554063,-47.55160000000001,-24.236894000000007
-90.19826699999999,585.7737453333333,272.341351,-153.501393,442.463606,19.5324155,-95.154556,288.401638,163.581669,-40.696934,-47.261702000000014,-24.561574000000007
-90.21194500000001,585.695242,272.33824166666665,-153.5333005,442.20358150000004,19.629531,-95.199973,286.893497,162.411806,-40.84101799999999,-46.969461999999965,-24.881189999999975
-90.22487866666665,585.6141306666667,272.335077,-153.559659,441.937461,19.728077,-95.23800700000001,285.3899675,161.233366,-40.98626,-46.675005,-25.19565400000002
-90.23706299999999,585.5304073333333,272.33184466666665,-153.5804565,441.66548950000004,19.827868000000002,-95.268704,283.891677,160.0466585,-41.1326,-46.37846200000001,-25.504883000000007
-90.24849466666666,585.444072,272.3285333333333,-153.5956885,441.387919,19.9287185,-95.29212000000001,282.399246,158.85200500000002,-41.279982000000004,-46.07996400000002,-25.80879999999999
-90.25916933333333,585.3551246666667,272.32513066666667,-153.605356,441.1050055,20.030442,-95.308317,280.9132885,157.649734,-41.428346000000005,-45.779645000000016,-26.107331999999985
-90.26908266666668,585.2635703333334,272.3216263333333,-153.609466,440.81700850000004,20.132852500000002,-95.3173675,279.4344095,156.44018599999998,-41.577629,-45.47763900000001,-26.40041599999998
-90.27823033333334,585.1694143333333,272.31800833333335,-153.608031,440.52419299999997,20.235763499999997,-95.31935150000001,277.963205,155.22370949999998,-41.727771000000004,-45.17408400000002,-26.687990999999982
-90.28660833333333,585.0726666666666,272.31426766666664,-153.6010705,440.22682499999996,20.338989499999997,-95.3143555,276.5002605,154.0006635,-41.878709,-44.869114999999994,-26.97000300000002
-90.29421233333333,584.973338,272.31039400000003,-153.5886075,439.9251765,20.442346,-95.302476,275.046154,152.7714165,-42.03038000000001,-44.562872,-27.24640500000001
-90.301037,584.8714409999999,272.306378,-153.5706735,439.6195195,20.5456485,-95.2838145,273.60145,151.536346,-42.182717,-44.255494,-27.517154000000005
-90.30708,584.7669933333333,272.302211,-153.5473025,439.3101295,20.648716,-95.2584825,272.166703,150.2958365,-42.335657,-43.94712000000001,-27.782213000000013
-90.31233566666667,584.6600113333334,272.2978856666667,-153.51853599999998,438.99728200000004,20.751369,-95.2265955,270.7424565,149.05028299999998,-42.48913300000001,-43.63789299999999,-28.041551999999996
-90.31680066666667,584.5505176666667,272.293393,-153.4844195,438.6812555,20.8534295,-95.188278,269.32924,147.80008800000002,-42.643078,-43.32795200000001,-28.295144000000022
-90.320471,584.438534,272.28872633333333,-153.4450055,438.3623285,20.954722500000003,-95.1436595,267.9275715,146.545662,-42.79742300000001,-43.01744099999999,-28.542971999999992
-90.32334233333334,584.3240866666666,272.28388,-153.4003495,438.040779,21.0550765,-95.0928775,266.5379555,145.287422,-42.952102999999994,-42.70649900000001,-28.785020000000003
-90.32541133333332,584.207203,272.27884766666665,-153.35051199999998,437.716886,21.1543225,-95.0360735,265.1608825,144.025793,-43.107046999999994,-42.39526700000002,-29.02127999999999
-90.32667433333334,584.0879133333333,272.2736243333333,-153.2955605,437.39092700000003,21.2522945,-94.97339450000001,263.7968295,142.7612075,-43.262187,-42.083890999999994,-29.25174899999999
-90.327128,583.9662490000001,272.26820533333336,-153.2355645,437.0631785,21.3488335,-94.904995,262.4462585,141.4941035,-43.41745399999999,-41.77250700000002,-29.476428999999996
-90.32676933333333,583.8422456666667,272.26258666666666,-153.1706,436.733916,21.443780500000003,-94.83103249999999,261.10961599999996,140.22492599999998,-43.57277900000001,-41.46125799999999,-29.695325999999994
-90.32559533333334,583.715939,272.2567653333333,-153.1007455,436.403413,21.536983499999998,-94.75166949999999,259.787334,138.9541245,-43.72809099999999,-41.15028400000003,-29.908455000000004
-90.32360333333334,583.5873683333333,272.25073933333334,-153.0260855,436.0719395,21.628296,-94.667073,258.479829,137.6821545,-43.88332,-40.83972400000002,-30.115831
-90.32079066666667,583.4565733333334,272.244506,-152.9467075,435.7397645,21.7175735,-94.5774145,257.1875005,136.409477,-44.038397,-40.529717000000005,-30.31747800000001
-90.317155,583.3235976666666,272.23806433333334,-152.862703,435.407153,21.8046785,-94.482869,255.9107325,135.1365575,-44.193252,-40.220399000000015,-30.513423000000003
-90.31269533333334,583.1884853333332,272.2314143333333,-152.7741665,435.0743655,21.88948,-94.383614,254.649892,133.8638635,-44.347814,-39.91190799999998,-30.70369699999999
-90.30740899999999,583.051283,272.2245556666667,-152.6811985,434.74166049999997,21.9718505,-94.2798305,253.4053295,132.5918685,-44.502015,-39.604377,-30.888334999999998
-90.30129566666666,582.9120386666667,272.21749,-152.5839005,434.409291,22.0516695,-94.17170250000001,252.17737799999998,131.321048,-44.655783,-39.297942000000006,-31.067381999999995
-90.29435433333333,582.7708026666668,272.21021866666666,-152.482378,434.07750550000003,22.128822500000002,-94.059416,250.966353,130.0518805,-44.80905200000001,-38.99273199999999,-31.240879000000007
-90.28658333333333,582.6276266666667,272.202743,-152.37673949999999,433.7465465,22.203201,-93.94315900000001,249.7725535,128.78484650000001,-44.96175000000001,-38.688878999999986,-31.40887699999999
-90.277984,582.4825633333334,272.19506766666666,-152.267097,433.416654,22.274703,-93.8231215,248.5962595,127.5204285,-45.113811,-38.38651299999998,-31.571428999999995
-90.26855599999999,582.335668,272.18719566666664,-152.15356400000002,433.08806000000004,22.343233,-93.699494,247.437734,126.2591095,-45.265165999999994,-38.085756,-31.72859299999999
-90.25829966666667,582.1869963333334,272.17913100000004,-152.036258,432.760991,22.4087015,-93.572469,246.29722199999998,125.001374,-45.41574800000001,-37.786737999999986,-31.88042999999999
-90.24721566666666,582.0366066666666,272.1708793333333,-151.9152985,432.4356685,22.471027,-93.442239,245.17495,123.74770600000001,-45.56549000000001,-37.489576,-32.02700200000001
-90.23530633333333,581.8845573333333,272.16244566666666,-151.790807,432.112305,22.530133,-93.308997,244.071127,122.49859,-45.71432800000001,-37.19439399999999,-32.16837799999999
-90.22257233333333,581.730908,272.153837,-151.662906,431.791109,22.585952,-93.17293649999999,242.98594300000002,121.2545075,-45.862193000000005,-36.901308,-32.304629000000006
-90.20901733333334,581.5757206666667,272.14506,-151.531723,431.472281,22.638421,-93.03425,241.9195705,120.0159415,-46.009026000000006,-36.610433,-32.43583100000001
-90.194642,581.4190570000001,272.1361226666667,-151.397384,431.15601449999997,22.6874865,-92.89313,240.8721645,118.7833715,-46.15476000000001,-36.321882999999985,-32.562059000000005
-90.17945100000001,581.2609803333334,272.127033,-151.2600185,430.842494,22.733099,-92.74976799999999,239.84386,117.5572735,-46.299334,-36.035765999999995,-32.683392999999995
-90.16344733333334,581.101555,272.1177996666667,-151.1197575,430.5318995,22.775219500000002,-92.6043545,238.83477549999998,116.3381225,-46.44268700000001,-35.75219100000001,-32.79991699999999
-90.14663466666667,580.9408456666666,272.108432,-150.9767315,430.224401,22.8138125,-92.4570785,237.845011,115.12638899999999,-46.584761,-35.47126,-32.911714
-90.12901766666668,580.7789183333334,272.0989403333333,-150.831075,429.920161,22.848851500000002,-92.308128,236.87464799999998,113.922539,-46.725494,-35.19307599999999,-33.018874
-90.11060133333335,580.6158386666667,272.089335,-150.68292,429.6193355,22.880316999999998,-92.15768800000001,235.92375199999998,112.7270335,-46.86483199999999,-34.917738000000014,-33.12148300000001
-90.09139,580.4516743333334,272.07962599999996,-150.532403,429.3220705,22.908195,-92.005942,234.992368,111.54033000000001,-47.00271600000001,-34.645339999999976,-33.219634
-90.07139066666666,580.2864916666667,272.0698263333333,-150.379658,429.02850450000005,22.932478500000002,-91.853072,234.08052650000002,110.362878,-47.139094,-34.375973000000016,-33.313419999999994
-90.05060866666666,580.1203586666667,272.0599466666667,-150.22482200000002,428.7387685,22.9531685,-91.69925599999999,233.1882385,109.195123,-47.27391200000001,-34.10972699999999,-33.402936
-90.02905033333333,579.953344,272.0500006666667,-150.068031,428.4529845,22.9702715,-91.5446705,232.3155,108.03750149999999,-47.40711900000001,-33.846688,-33.488277
-90.00672366666667,579.7855149999999,272.0399996666667,-149.909422,428.171265,22.9838,-91.3894885,231.462288,106.890443,-47.53866500000001,-33.58693599999998,-33.569542
-89.98363533333334,579.6169403333333,272.02995733333336,-149.7491305,427.8937175,22.9937735,-91.23388,230.62856499999998,105.7543715,-47.66850199999999,-33.33054999999999,-33.646829
-89.95979333333334,579.4476886666666,272.0198873333334,-149.58729449999998,427.62043700000004,23.000218500000003,-91.0780115,229.8142755,104.629699,-47.79658499999999,-33.077605000000005,-33.720237999999995
-89.935206,579.2778280000001,272.00980366666664,-149.42405,427.35151299999995,23.003165499999998,-90.92204699999999,229.019349,103.5168315,-47.92286800000001,-32.828171999999995,-33.789868999999996
-89.90988166666666,579.1074269999999,271.99971899999997,-149.2595325,427.0870265,23.002651999999998,-90.76614599999999,228.2437,102.41616400000001,-48.047309999999996,-32.58232000000001,-33.855822
-89.88383033333334,578.9365543333333,271.9896493333333,-149.093879,426.827048,22.998722,-90.6104655,227.48722650000002,101.328082,-48.169869000000006,-32.34011100000001,-33.9182
-89.85706066666667,578.7652766666666,271.9796086666667,-148.927224,426.571643,22.9914235,-90.4551565,226.749811,100.252961,-48.29050699999999,-32.101606000000004,-33.97710599999999
-89.82958266666667,578.5936633333332,271.9696113333333,-148.759702,426.32086649999997,22.980809999999998,-90.300369,226.03132399999998,99.19116500000001,-48.409186000000005,-31.866861999999998,-34.03264
-89.801407,578.42178,271.959673,-148.59144750000002,426.074766,22.9669415,-90.1462475,225.3316195,98.143047,-48.52587299999999,-31.635931,-34.084906000000004
-89.772544,578.249695,271.9498076666667,-148.422593,425.8333815,22.949880999999998,-89.9929325,224.650539,97.1089495,-48.640535,-31.408862,-34.134005
-89.74300466666666,578.077474,271.9400316666667,-148.25326950000002,425.5967455,22.929698000000002,-89.84056100000001,223.98791,96.089201,-48.75314200000001,-31.185699999999997,-34.180040000000005
-89.71280066666668,577.9051826666667,271.930359,-148.0836085,425.3648815,22.906464999999997,-89.689265,223.343547,95.08411849999999,-48.863664,-30.966485999999975,-34.223111
-89.68194366666667,577.7328863333333,271.920806,-147.9137395,425.13780699999995,22.880260500000002,-89.53917200000001,222.717253,94.09400550000001,-48.972076,-30.751258000000007,-34.263321000000005
-89.65044466666666,577.5606506666667,271.9113873333333,-147.7437905,424.915531,22.851163999999997,-89.39040800000001,222.10881849999998,93.1191535,-49.078354000000004,-30.540048999999982,-34.300771
-89.61831733333332,577.3885376666667,271.90211766666664,-147.573888,424.698056,22.8192625,-89.24309199999999,221.51802249999997,92.1598385,-49.182475999999994,-30.332887,-34.335559
-89.58557333333333,577.216612,271.89301333333333,-147.404157,424.48537799999997,22.784643000000003,-89.097339,220.944632,91.216324,-49.28442199999999,-30.129800000000017,-34.367785999999995
-89.552226,577.0449346666667,271.8840886666667,-147.234721,424.2774845,22.747398,-88.953261,220.3884065,90.288859,-49.384176,-29.930807000000016,-34.397548
-89.518289,576.8735676666666,271.8753583333333,-147.0657015,424.0743585,22.7076235,-88.810964,219.8490915,89.3776775,-49.48172199999999,-29.735929000000027,-34.424943
-89.48377466666666,576.7025709999999,271.86683700000003,-146.8972185,423.8759745,22.6654165,-88.670552,219.32642650000003,88.4829995,-49.577048,-29.545176999999995,-34.450067000000004
-89.44869733333333,576.532005,271.8585396666667,-146.7293895,423.6823035,22.6208765,-88.532123,218.82014,87.605029,-49.670142,-29.358562000000006,-34.473016
-89.41307133333333,576.3619273333334,271.850481,-146.5623315,423.49330799999996,22.5741075,-88.3957715,218.3299515,86.743955,-49.760996999999996,-29.176091000000014,-34.49387999999999
-89.37691033333334,576.1923956666666,271.8426736666667,-146.396157,423.308947,22.5252135,-88.26158699999999,217.8555755,85.899951,-49.849608,-28.997764999999987,-34.512754
-89.34022866666668,576.0234663333334,271.8351323333333,-146.2309785,423.1291715,22.474300999999997,-88.129656,217.396716,85.07317499999999,-49.935967999999995,-28.823583999999983,-34.529726
-89.30304133333334,575.855195,271.8278706666667,-146.066905,422.95393049999996,22.421478,-88.00006049999999,216.9530715,84.263769,-50.020078999999996,-28.653543000000013,-34.544886000000005
-89.26536266666666,575.6876349999999,271.82090066666666,-145.904044,422.783165,22.366854,-87.8728775,216.5243345,83.4718595,-50.101938999999994,-28.487630999999993,-34.55832099999999
-89.22720766666667,575.5208403333332,271.814236,-145.7425,422.61681450000003,22.3105395,-87.7481815,216.1101905,82.69755599999999,-50.18155300000001,-28.325839000000002,-34.570116
-89.18859166666668,575.3548623333332,271.8078883333333,-145.5823745,422.4548105,22.2526455,-87.626042,215.71032050000002,81.9409525,-50.258924,-28.168147000000005,-34.580353
-89.14952933333332,575.1897516666667,271.80187,-145.423768,422.2970835,22.193284,-87.50652500000001,215.3244005,81.2021265,-50.334062,-28.01453700000002,-34.589115
-89.11003666666666,575.0255573333334,271.796192,-145.2667775,422.143558,22.132566999999998,-87.389692,214.952102,80.481139,-50.406974000000005,-27.864987999999983,-34.596482
-89.07012866666666,574.862328,271.79086533333333,-145.1114965,421.99415650000003,22.070607499999998,-87.27560199999999,214.593094,79.778035,-50.477672,-27.71947,-34.602532000000004
-89.02982100000001,574.7001113333333,271.7859006666667,-144.9580175,421.848797,22.0075175,-87.1643085,214.2470395,79.092843,-50.546169,-27.577954999999974,-34.607338
-88.98912933333334,574.5389509999999,271.78130733333336,-144.80642899999998,421.70739449999996,21.9434095,-87.055864,213.9136015,78.42557500000001,-50.612482,-27.44040899999999,-34.61097600000001
-88.94806966666665,574.3788940000001,271.77709466666664,-144.656817,421.5698615,21.8783945,-86.950314,213.5924395,77.7762275,-50.676626000000006,-27.30679699999999,-34.61351700000001
-88.90665766666666,574.2199820000001,271.77327199999996,-144.5092645,421.43610850000005,21.8125845,-86.847703,213.2832105,77.1447795,-50.738624,-27.177076999999997,-34.61502899999999
-88.864909,574.0622576666667,271.7698473333333,-144.363852,421.306041,21.7460885,-86.7480715,212.985572,76.531195,-50.798493,-27.051206000000008,-34.615582
-88.82283966666667,573.9057606666667,271.7668283333333,-144.22065600000002,421.17956649999996,21.679016500000003,-86.6514555,212.69917900000002,75.935422,-50.856258999999994,-26.92913999999999,-34.615238000000005
-88.78046566666666,573.7505313333334,271.76422166666663,-144.0797505,421.056587,21.611476,-86.557889,212.423686,75.3573915,-50.911946,-26.81083000000001,-34.614063
-88.737803,573.5966076666667,271.762034,-143.9412065,420.937005,21.543573,-86.46740249999999,212.1587495,74.7970205,-50.965581,-26.696222999999975,-34.612114999999996
-88.69486733333333,573.4440263333332,271.760271,-143.805092,420.82072100000005,21.475413500000002,-86.3800225,211.9040245,74.254209,-51.017188999999995,-26.585267000000016,-34.609456
-88.65167466666666,573.292823,271.758938,-143.6714705,420.707633,21.4071005,-86.295773,211.65916650000003,73.728842,-51.066804000000005,-26.477901000000003,-34.606137999999994
-88.608242,573.1430320000001,271.75803833333333,-143.540404,420.5976405,21.3387345,-86.2146745,211.423834,73.22079,-51.114455,-26.374070000000017,-34.60222
-88.56458400000001,572.994687,271.757577,-143.4119495,420.490641,21.2704165,-86.13674549999999,211.1976855,72.7299075,-51.160174999999995,-26.273708999999997,-34.597751
-88.52071699999999,572.8478193333334,271.75755699999996,-143.286162,420.386531,21.202242,-86.062,210.98038250000002,72.256036,-51.203998000000006,-26.176754999999986,-34.59278199999999
-88.476657,572.7024606666666,271.75797933333337,-143.1630925,420.28520749999996,21.134308,-85.9904495,210.771588,71.7990015,-51.245959,-26.083139999999986,-34.587362999999996
-88.43242,572.558639,271.75884733333334,-143.0427885,420.18656699999997,21.066706,-85.9221025,210.5709685,71.3586155,-51.286095,-25.992796999999996,-34.581537
-88.38802199999999,572.4163833333333,271.7601613333333,-142.9252935,420.0905055,20.9995275,-85.8569655,210.378192,70.9346765,-51.324443,-25.905654,-34.575349
-88.343478,572.275721,271.7619216666667,-142.81064800000001,419.9969205,20.9328595,-85.79504250000001,210.19293249999998,70.52697,-51.361043,-25.821638999999976,-34.568844
-88.298805,572.1366776666667,271.76412833333336,-142.6988895,419.9057085,20.866787,-85.736332,210.0148645,70.1352675,-51.395934,-25.740676999999977,-34.562057
-88.25401733333332,571.999278,271.76677966666665,-142.59005100000002,419.816768,20.8013935,-85.6808325,209.8436685,69.75932850000001,-51.429155,-25.662690999999995,-34.555029000000005
-88.209131,571.8635459999999,271.76987433333335,-142.484162,419.7299955,20.7367585,-85.62853849999999,209.6790275,69.398899,-51.460751,-25.587604999999996,-34.547796000000005
-88.16416233333332,571.729504,271.7734096666666,-142.381249,419.645292,20.672959,-85.579442,209.52062949999998,69.0537145,-51.490762,-25.51533900000001,-34.540392999999995
-88.11912600000001,571.597173,271.7773833333333,-142.28133300000002,419.56255699999997,20.610069,-85.5335325,209.3681675,68.723498,-51.519233,-25.445810999999992,-34.53285
-88.07403766666665,571.4665733333333,271.781791,-142.184434,419.48169099999996,20.548159499999997,-85.49079599999999,209.221339,68.4079615,-51.546206,-25.378941999999995,-34.525201
-88.02891233333332,571.3377246666666,271.7866286666667,-142.090566,419.40259649999996,20.4872995,-85.451217,209.079846,68.106807,-51.571723999999996,-25.314645999999982,-34.517474
-87.98376633333334,571.210645,271.7918906666667,-141.9997395,419.3251775,20.427554,-85.414777,208.943396,67.8197245,-51.595833999999996,-25.252841999999987,-34.509695
-87.93861366666665,571.0853506666666,271.797572,-141.91196250000002,419.2493375,20.3689855,-85.38145399999999,208.811702,67.5463955,-51.618579999999994,-25.193444,-34.501893
-87.89346966666666,570.9618586666667,271.80366566666663,-141.827238,419.1749845,20.311653,-85.3512235,208.6844815,67.286492,-51.640007000000004,-25.136367000000007,-34.494091999999995
-87.84835,570.8401833333334,271.810166,-141.745565,419.1020255,20.255613,-85.3240595,208.561458,67.039677,-51.660160999999995,-25.081524,-34.48631399999999
-87.803269,570.7203383333334,271.817064,-141.66694,419.0303695,20.200919,-85.299933,208.442362,66.8056045,-51.679088,-25.02883,-34.478578999999996
-87.75824133333333,570.6023376666667,271.8243526666667,-141.5913535,418.959929,20.1476205,-85.27881,208.3269275,66.5839205,-51.69683199999999,-24.978196999999994,-34.47091100000001
-87.71328233333334,570.486192,271.83202266666666,-141.5187945,418.890615,20.095765999999998,-85.26065700000001,208.2148955,66.37426500000001,-51.713442,-24.929539000000005,-34.463328000000004
-87.66840633333334,570.3719133333334,271.8400653333333,-141.44924699999999,418.8223435,20.0453985,-85.245436,208.106014,66.17626899999999,-51.72896,-24.882768,-34.455845999999994
-87.623628,570.2595110000001,271.8484706666666,-141.3826905,418.75503000000003,19.9965605,-85.2331055,208.000035,65.9895585,-51.743432999999996,-24.83779800000002,-34.448485000000005
-87.57896166666667,570.1489946666667,271.85722833333335,-141.31910200000002,418.6885935,19.9492895,-85.2236245,207.89671800000002,65.81375249999999,-51.756907000000005,-24.794542000000007,-34.44125699999999
-87.53442233333334,570.0403716666666,271.8663276666667,-141.2584525,418.62295300000005,19.9036215,-85.216945,207.795828,65.648465,-51.769426,-24.752913999999976,-34.43418
-87.49002366666667,569.933649,271.8757573333333,-141.200712,418.558031,19.859589,-85.213019,207.697136,65.493306,-51.781034000000005,-24.712826000000007,-34.427266
-87.44578066666668,569.8288333333334,271.8855063333333,-141.1458445,418.493752,19.817221,-85.211795,207.60042,65.347879,-51.79177599999999,-24.674194,-34.420528000000004
-87.40170666666666,569.7259303333334,271.89556166666665,-141.093812,418.430041,19.7765455,-85.2132185,207.5054625,65.21178499999999,-51.801694999999995,-24.636933,-34.413979999999995
-87.35781633333333,569.6249436666667,271.90591133333334,-141.04457,418.366825,19.737586,-85.217231,207.412055,65.084621,-51.810834,-24.60095799999999,-34.407630000000005
-87.31412366666666,569.5258766666667,271.9165423333333,-140.99807299999998,418.304035,19.700364,-85.2237735,207.3199925,64.965982,-51.819237,-24.566186999999985,-34.401489999999995
-87.27064233333333,569.428732,271.927441,-140.9542705,418.241601,19.664899,-85.2327815,207.22907700000002,64.85546049999999,-51.826945,-24.532538000000017,-34.395571000000004
-87.22738666666667,569.3335113333334,271.93859433333336,-140.9131085,418.1794575,19.631206,-85.2441895,207.139118,64.7526455,-51.833997,-24.49992800000001,-34.389881
-87.18437033333333,569.2402156666667,271.94998833333335,-140.874529,418.1175395,19.5992995,-85.25792799999999,207.04992950000002,64.657128,-51.840434,-24.46828100000002,-34.38442799999999
-87.14160700000001,569.1488443333333,271.96160833333334,-140.8384705,418.055784,19.5691905,-85.2739245,206.9613315,64.568495,-51.846297,-24.43751500000002,-34.379222
-87.09911033333333,569.059396,271.9734403333333,-140.8048695,417.99413,19.540886999999998,-85.292103,206.8731515,64.486335,-51.85162400000001,-24.407555000000002,-34.374269999999996
-87.056894,568.971869,271.98547,-140.77365650000002,417.93251799999996,19.514396,-85.3123865,206.785222,64.4102365,-51.856451,-24.378326000000015,-34.369579
-87.01497133333334,568.8862603333333,271.997681,-140.74475999999999,417.870892,19.4897215,-85.334692,206.6973825,64.339789,-51.86081600000001,-24.349755000000016,-34.365156000000006
-86.97335600000001,568.8025663333333,272.01005933333334,-140.7181055,417.8091955,19.466864,-85.358935,206.60947800000002,64.2745835,-51.864751999999996,-24.32176799999999,-34.36100700000001
-86.93206099999999,568.7207823333333,272.02259,-140.69361450000002,417.7473755,19.4458245,-85.3850285,206.52135800000002,64.214213,-51.868297,-24.294297999999998,-34.357139999999994
-86.89110033333334,568.640902,272.035257,-140.67120549999999,417.6853795,19.4266,-85.412881,206.432881,64.15827250000001,-51.87148200000001,-24.26727600000001,-34.353559000000004
-86.85048633333334,568.5629196666667,272.0480446666667,-140.65079400000002,417.623158,19.409185,-85.4423975,206.3439095,64.10636,-51.87433899999999,-24.240636999999992,-34.350272000000004
-86.81023266666666,568.4868273333333,272.06093833333335,-140.6322925,417.5606625,19.393572,-85.4734825,206.254311,64.058077,-51.876901000000004,-24.21431799999999,-34.347283999999995
-86.77035266666667,568.4126173333334,272.073921,-140.615611,417.497846,19.379754,-85.5060345,206.1639605,64.0130295,-51.879195,-24.18825700000002,-34.344598999999995
-86.73085833333333,568.34028,272.086978,-140.60065550000002,417.434665,19.3677185,-85.53995,206.0727385,63.970827,-51.881251999999996,-24.162394999999975,-34.342223999999995
-86.69176366666666,568.269805,272.1000936666667,-140.5873305,417.37107449999996,19.357453500000002,-85.575123,205.9805305,63.9310855,-51.883098,-24.136678999999987,-34.340163000000004
-86.65308033333334,568.2011823333333,272.1132523333333,-140.575537,417.30703500000004,19.348944499999998,-85.6114435,205.887229,63.893426,-51.884758999999995,-24.111053999999996,-34.338421999999994
-86.61482166666667,568.1343983333333,272.12643733333334,-140.565175,417.242505,19.342174500000002,-85.6487985,205.7927305,63.857473999999996,-51.88626099999999,-24.085466999999994,-34.337005999999995
-86.577,568.069442,272.13963433333333,-140.556141,417.177448,19.3371265,-85.687073,205.6969385,63.8228625,-51.887626000000004,-24.05987300000001,-34.335919
-86.53962733333333,568.0062986666667,272.15282766666667,-140.548329,417.1118265,19.33378,-85.726148,205.599762,63.7892335,-51.888878,-24.03422599999999,-34.335167
-86.502717,567.9449536666666,272.166002,-140.541632,417.04560649999996,19.3321135,-85.765902,205.5011155,63.756232499999996,-51.890036,-24.008483000000012,-34.334753
-86.46628066666666,567.8853913333334,272.179142,-140.53594,416.9787545,19.332104,-85.806211,205.4009185,63.723516,-51.891122,-23.982605000000007,-34.334683999999996
-86.43032966666668,567.8275960000001,272.1922326666667,-140.53114349999998,416.91124,19.3337265,-85.8469475,205.29909600000002,63.690748,-51.892153,-23.956556000000006,-34.33496400000001
-86.394877,567.771549,272.20525933333334,-140.527128,416.843033,19.336955,-85.8879815,205.195582,63.6576005,-51.893145,-23.930301999999983,-34.335595000000005
-86.35993333333333,567.7172340000001,272.218208,-140.52378050000002,416.7741065,19.341762,-85.9291805,205.0903105,63.623756,-51.894117,-23.903812999999985,-34.336586000000004
-86.32551066666667,567.6646300000001,272.23106366666667,-140.5209855,416.704433,19.348118,-85.97041,204.983226,63.588905499999996,-51.89508000000001,-23.877062000000024,-34.337937000000004
-86.29162066666667,567.6137176666666,272.2438123333333,-140.518626,416.6339895,19.355992,-86.011533,204.874276,63.552751,-51.89605,-23.850025999999986,-34.339653999999996
-86.25827366666665,567.5644763333333,272.25644066666666,-140.51658600000002,416.5627525,19.3653525,-86.052409,204.763415,63.515004499999996,-51.897038,-23.82268400000001,-34.341742999999994
-86.225481,567.516884,272.26893533333333,-140.514746,416.4907025,19.3761655,-86.09289700000001,204.650603,63.475390000000004,-51.898056000000004,-23.795018,-34.344204
-86.19325366666665,567.4709183333333,272.28128266666664,-140.5129885,416.41782,19.3883965,-86.132853,204.53580449999998,63.433641,-51.899111999999995,-23.76701299999999,-34.347044
-86.161601,567.4265546666667,272.293471,-140.511195,416.3440885,19.402008000000002,-86.172132,204.418991,63.389503999999995,-51.90021600000001,-23.73866000000001,-34.350263999999996
-86.13053433333334,567.3837696666666,272.3054866666667,-140.509245,416.269493,19.4169635,-86.210587,204.30014,63.3427375,-51.901374000000004,-23.709951999999987,-34.353869
-86.10006299999999,567.3425376666665,272.317319,-140.5070215,416.194021,19.433222999999998,-86.2480685,204.179235,63.293112,-51.902593,-23.680883999999992,-34.357862
-86.07019666666667,567.3028326666666,272.32895633333334,-140.50440500000002,416.1176615,19.450747,-86.284427,204.056264,63.24041149999999,-51.903878000000006,-23.651454,-34.362244999999994
-86.04094466666668,567.264628,272.34038633333336,-140.50127750000001,416.040406,19.469494,-86.319512,203.931222,63.184433,-51.90523400000001,-23.621666000000005,-34.36702
-86.01231533333333,567.2278953333333,272.35160033333335,-140.4975225,415.962248,19.4894195,-86.353171,203.80411049999998,63.1249855,-51.906664000000006,-23.591527000000013,-34.372189000000006
-85.98431766666668,567.1926066666666,272.3625866666667,-140.493023,415.8831835,19.5104805,-86.38525150000001,203.674936,63.0618935,-51.908169,-23.56104399999998,-34.377755
-85.95695966666666,567.1587330000001,272.3733366666667,-140.487664,415.8032115,19.5326305,-86.4156015,203.543712,62.994995,-51.90975099999999,-23.530230000000017,-34.383716
-85.93024933333334,567.1262436666666,272.383841,-140.481332,415.72233200000005,19.5558235,-86.44406699999999,203.4104585,62.9241425,-51.911412,-23.49910299999999,-34.390075
-85.90419366666667,567.0951086666668,272.394091,-140.4739145,415.64054799999997,19.580011,-86.4704955,203.27520149999998,62.849202000000005,-51.913149,-23.467679000000004,-34.39683
-85.87880000000001,567.0652956666667,272.40407933333336,-140.4653025,415.557867,19.605142999999998,-86.494734,203.1379725,62.7700565,-51.914961999999996,-23.435982999999993,-34.403981
-85.85407366666665,567.0367736666667,272.413797,-140.4553865,415.47429550000004,19.631169,-86.5166315,202.998811,62.6866025,-51.91684899999999,-23.404037999999986,-34.41152699999999
-85.83002166666667,567.0095093333333,272.42323899999997,-140.4440615,415.3898465,19.658037,-86.5360365,202.8577625,62.598752000000005,-51.918809,-23.37187499999999,-34.419464000000005
-85.80664900000001,566.9834686666667,272.432398,-140.43122449999998,415.304534,19.685693,-86.5527985,202.7148795,62.5064325,-51.920837,-23.339522999999986,-34.427789
-85.78396033333333,566.9586186666667,272.4412683333333,-140.4167755,415.2183745,19.7140835,-86.566771,202.57022,62.409588,-51.92293000000001,-23.307018,-34.436499999999995
-85.76196,566.9349246666667,272.44984566666665,-140.4006165,415.13139,19.743152,-86.577807,202.42385050000001,62.3081775,-51.925084000000005,-23.27439899999999,-34.445589000000005
-85.74065166666666,566.9123516666667,272.45812466666666,-140.382654,415.04360299999996,19.772841,-86.585762,202.2758435,62.20217650000001,-51.927293999999996,-23.241703,-34.455051000000005
-85.72003833333333,566.8908636666666,272.4661023333333,-140.3627985,414.955041,19.803093,-86.5904965,202.126279,62.0915765,-51.929556999999996,-23.208978000000002,-34.464879
-85.70012233333334,566.8704256666666,272.473775,-140.340962,414.865735,19.8338475,-86.591871,201.9752435,61.976384499999995,-51.931864000000004,-23.176265,-34.475064999999994
-85.68090533333334,566.851,272.48114066666665,-140.317062,414.775718,19.865043999999997,-86.5897515,201.822832,61.8566255,-51.93421300000001,-23.14361600000001,-34.48559899999999
-85.66238833333334,566.8325513333333,272.48819699999996,-140.2910215,414.685029,19.896620499999997,-86.5840055,201.66914500000001,61.73234,-51.936597000000006,-23.111079999999987,-34.49647
-85.64457233333333,566.8150420000001,272.494943,-140.2627665,414.59370850000005,19.928513,-86.57450750000001,201.5142915,61.6035845,-51.93901100000001,-23.078711,-34.507667
-85.627456,566.7984343333334,272.50137866666665,-140.23222750000002,414.501803,19.960658000000002,-86.561134,201.358388,61.470433,-51.941448,-23.046564000000018,-34.519174
-85.61103866666667,566.7826920000001,272.5075043333333,-140.1993405,414.4093605,19.992989,-86.543769,201.2015575,61.332975000000005,-51.943903999999996,-23.014699000000007,-34.530978000000005
-85.595318,566.767776,272.5133203333333,-140.164047,414.316436,20.0254395,-86.522298,201.04393149999999,61.1913175,-51.946372000000004,-22.98317499999999,-34.543060999999994
-85.58029133333334,566.7536493333333,272.5188283333333,-140.126294,414.22308699999996,20.057941999999997,-86.496616,200.8856485,61.0455835,-51.948848000000005,-22.952052999999978,-34.55540499999999
-85.56595533333332,566.7402740000001,272.5240313333333,-140.086033,414.12937550000004,20.090426,-86.466623,200.7268545,60.895911999999996,-51.951325999999995,-22.921397000000013,-34.56799
-85.552305,566.727612,272.52893166666667,-140.043223,414.0353675,20.122823,-86.432225,200.5677045,60.742459000000004,-51.953802,-22.891272999999984,-34.58079600000001
-85.53933533333334,566.7156253333333,272.5335333333333,-139.997828,413.94113500000003,20.1550605,-86.39333500000001,200.40835900000002,60.585397,-51.956272,-22.86174600000001,-34.593796
-85.52704,566.7042773333333,272.537841,-139.9498185,413.8467535,20.187067,-86.349875,200.248988,60.4249135,-51.958729999999996,-22.832886000000002,-34.606969
-85.51541200000001,566.6935286666667,272.54185966666665,-139.899172,413.7523035,20.2187695,-86.301773,200.0897685,60.2612125,-51.961174,-22.80476300000001,-34.620283
-85.504443,566.6833436666666,272.5455953333333,-139.8458735,413.65786949999995,20.250093500000002,-86.248966,199.930885,60.094514000000004,-51.963602,-22.777444000000003,-34.633712
-85.49412366666667,566.673684,272.5490546666667,-139.78991200000002,413.563543,20.2809635,-86.1914015,199.77252950000002,59.925054,-51.966011,-22.751002999999997,-34.647224
-85.48444533333334,566.6645133333333,272.552245,-139.7312865,413.469418,20.3113055,-86.1290335,199.614902,59.753082000000006,-51.96840100000001,-22.72551199999998,-34.66078600000001
-85.47539566666667,566.655796,272.555174,-139.670003,413.375595,20.341041999999998,-86.061827,199.4582105,59.57886499999999,-51.97077,-22.701041000000004,-34.67436
-85.46696333333334,566.6474953333333,272.55785,-139.60607249999998,413.282179,20.370096,-85.989758,199.30266899999998,59.402682999999996,-51.97312000000001,-22.677666000000016,-34.687912000000004
-85.45913499999999,566.6395763333334,272.5602836666667,-139.539518,413.18928,20.39839,-85.9128115,199.1485005,59.2248315,-51.975451,-22.655456999999984,-34.701398999999995
-85.45189766666665,566.632004,272.5624843333333,-139.470366,413.0970135,20.4258455,-85.8309845,198.99593499999997,59.04562,-51.977767,-22.634488000000005,-34.71478
-85.44523533333334,566.6247446666667,272.56446266666666,-139.39865400000002,413.0054995,20.452384,-85.744284,198.845208,58.865371499999995,-51.980072,-22.614832000000007,-34.728011
-85.43913300000001,566.617765,272.5662306666666,-139.32442550000002,412.914864,20.4779265,-85.652731,198.6965635,58.684423,-51.98236800000001,-22.59656100000001,-34.741044
-85.43357300000001,566.6110320000001,272.56780000000003,-139.2477345,412.825238,20.502394,-85.55635699999999,198.550253,58.503124,-51.984663999999995,-22.579746,-34.753831999999996
-85.428538,566.604515,272.56918333333334,-139.16864099999998,412.7367575,20.5257065,-85.4552065,198.406533,58.3218375,-51.986965000000005,-22.564458000000002,-34.766321000000005
-85.424009,566.5981820000001,272.57039433333335,-139.08721500000001,412.649563,20.547785,-85.3493375,198.265668,58.140936999999994,-51.98928300000001,-22.55076600000001,-34.77845799999999
-85.41996533333334,566.5920046666666,272.57144666666665,-139.0035355,412.563801,20.56855,-85.238821,198.127928,57.960809999999995,-51.991624,-22.53874000000002,-34.790186
-85.416387,566.5859533333334,272.5723553333333,-138.9176895,412.4796215,20.5879225,-85.1237425,197.993589,57.781854,-51.994001000000004,-22.528446000000002,-34.80144800000001
-85.41325133333333,566.5800009999999,272.57313633333337,-138.829772,412.3971825,20.6058235,-85.0042,197.862933,57.6044755,-51.99643,-22.519949999999994,-34.812180999999995
-85.410536,566.5741216666667,272.5738043333333,-138.739889,412.3166435,20.6221745,-84.880307,197.736249,57.429095499999995,-51.99892,-22.51331400000001,-34.822323
-85.40821633333333,566.56829,272.574376,-138.64815299999998,412.2381705,20.636897499999996,-84.75219200000001,197.61382700000001,57.25614,-52.001492,-22.508599999999973,-34.831806
-85.40626866666666,566.5624823333334,272.57486866666665,-138.5546865,412.16193450000003,20.6499155,-84.61999800000001,197.4959675,57.086045999999996,-52.00416,-22.505866999999995,-34.840562
-85.404666,566.556677,272.5753,-138.459623,412.08811049999997,20.661152,-84.4838835,197.3829715,56.919259499999995,-52.006947000000004,-22.505173000000013,-34.848521
-85.40338233333334,566.5508526666667,272.57568799999996,-138.363102,412.016878,20.670532,-84.34402299999999,197.275146,56.756232,-52.009871999999994,-22.50657000000001,-34.855610000000006
-85.40238966666665,566.5449910000001,272.576051,-138.265273,411.9484195,20.677981,-84.200607,197.172801,56.5974245,-52.012958000000005,-22.510108000000002,-34.861753
-85.40165999999999,566.5390736666667,272.57640833333335,-138.1662955,411.882925,20.683426500000003,-84.05384049999999,197.0762515,56.4433025,-52.016231,-22.515837000000005,-34.866871
-85.401164,566.5330846666667,272.576779,-138.0663365,411.8205845,20.686797,-83.903946,196.985813,56.2943375,-52.019715999999995,-22.523799999999994,-34.87088500000001
-85.40087133333333,566.5270106666667,272.5771833333333,-137.965574,411.761594,20.6880225,-83.7511635,196.9018055,56.151005999999995,-52.023441,-22.534039000000007,-34.873712000000005
-85.40075166666666,566.5208383333334,272.57764233333336,-137.8641925,411.70615250000003,20.6870365,-83.595748,196.82455149999998,56.013788500000004,-52.027438,-22.54658900000001,-34.875269
-85.40077266666667,566.5145590000001,272.578176,-137.76238750000002,411.6544625,20.6837725,-83.4379715,196.75437349999999,55.883168500000004,-52.031737,-22.561484999999976,-34.875467
-85.40090233333332,566.508162,272.5788056666667,-137.660362,411.60672850000003,20.6781665,-83.27812300000001,196.6915955,55.759631999999996,-52.036374,-22.578755,-34.87422
-85.40110800000001,566.5016420000001,272.579553,-137.55832800000002,411.56316000000004,20.670158,-83.11650900000001,196.63654300000002,55.643667,-52.041382000000006,-22.598422,-34.87143400000001
-85.40135566666667,566.4949936666667,272.58043933333335,-137.456506,411.523966,20.6596885,-82.953452,196.5895415,55.535762500000004,-52.04679999999999,-22.620509,-34.867019000000006
-85.40161166666667,566.488215,272.581488,-137.355125,411.4893595,20.6467025,-82.789293,196.5509155,55.4364065,-52.052668000000004,-22.645029000000022,-34.860879
-85.40184066666666,566.481305,272.58272000000005,-137.2544215,411.459555,20.6311465,-82.6243875,196.520987,55.346087,-52.05902499999999,-22.671994000000012,-34.852920000000005
-85.40200833333331,566.4742660000001,272.584159,-137.154642,411.434769,20.612972,-82.45910950000001,196.5000795,55.265289499999994,-52.065915000000004,-22.701407000000017,-34.84304099999999
-85.40207833333334,566.467102,272.58582700000005,-137.056038,411.415218,20.592132,-82.2938495,196.48851200000001,55.194497,-52.073384999999995,-22.733269999999976,-34.83114599999999
-85.40201566666667,566.4598183333334,272.58774766666664,-136.95887199999999,411.40112,20.5685845,-82.1290155,196.4866005,55.134188,-52.081478999999995,-22.76757699999999,-34.817132
-85.40178333333334,566.452424,272.589944,-136.86341050000001,411.392694,20.5422915,-81.96503,196.4946585,55.084838500000004,-52.090246,-22.804316999999998,-34.800898999999994
-85.40134499999999,566.4449293333333,272.5924386666667,-136.769931,411.390158,20.513217,-81.8023335,196.512994,55.046916499999995,-52.099734999999995,-22.84347199999999,-34.78234299999999
-85.40066433333334,566.4373476666666,272.59525533333334,-136.67871399999999,411.3937305,20.481332000000002,-81.641382,196.5419125,55.020885500000006,-52.11,-22.885020999999995,-34.761359000000006
-85.39970466666666,566.4296939999999,272.598418,-136.59005,411.40362849999997,20.44661,-81.482647,196.58171049999999,55.0072,-52.121092000000004,-22.928934999999996,-34.737842
